,elevation,flight,iteration,band,accuracy,image_processing,grouped_band
0,50,pre-sunrise,1,RGB-LWIR_IP,0.0,Yes,RGB-LWIR
1,100,pre-sunrise,1,RGB-LWIR_IP,0.999,Yes,RGB-LWIR
2,150,pre-sunrise,1,RGB-LWIR_IP,0.505,Yes,RGB-LWIR
3,200,pre-sunrise,1,RGB-LWIR_IP,0.291,Yes,RGB-LWIR
4,250,pre-sunrise,1,RGB-LWIR_IP,0.0,Yes,RGB-LWIR
5,300,pre-sunrise,1,RGB-LWIR_IP,0.13,Yes,RGB-LWIR
6,350,pre-sunrise,1,RGB-LWIR_IP,0.055,Yes,RGB-LWIR
7,400,pre-sunrise,1,RGB-LWIR_IP,0.0,Yes,RGB-LWIR
8,50,post-sunrise,1,RGB-LWIR_IP,1.0,Yes,RGB-LWIR
9,100,post-sunrise,1,RGB-LWIR_IP,1.0,Yes,RGB-LWIR
10,150,post-sunrise,1,RGB-LWIR_IP,1.0,Yes,RGB-LWIR
11,200,post-sunrise,1,RGB-LWIR_IP,0.543,Yes,RGB-LWIR
12,250,post-sunrise,1,RGB-LWIR_IP,0.612,Yes,RGB-LWIR
13,300,post-sunrise,1,RGB-LWIR_IP,0.472,Yes,RGB-LWIR
14,350,post-sunrise,1,RGB-LWIR_IP,0.13,Yes,RGB-LWIR
15,400,post-sunrise,1,RGB-LWIR_IP,0.265,Yes,RGB-LWIR
16,50,noon,1,RGB-LWIR_IP,0.459,Yes,RGB-LWIR
17,100,noon,1,RGB-LWIR_IP,0.838,Yes,RGB-LWIR
18,150,noon,1,RGB-LWIR_IP,0.871,Yes,RGB-LWIR
19,200,noon,1,RGB-LWIR_IP,0.938,Yes,RGB-LWIR
20,250,noon,1,RGB-LWIR_IP,0.529,Yes,RGB-LWIR
21,300,noon,1,RGB-LWIR_IP,0.324,Yes,RGB-LWIR
22,350,noon,1,RGB-LWIR_IP,0.715,Yes,RGB-LWIR
23,400,noon,1,RGB-LWIR_IP,0.476,Yes,RGB-LWIR
24,50,pre-sunset,1,RGB-LWIR_IP,0.783,Yes,RGB-LWIR
25,100,pre-sunset,1,RGB-LWIR_IP,0.894,Yes,RGB-LWIR
26,150,pre-sunset,1,RGB-LWIR_IP,0.872,Yes,RGB-LWIR
27,200,pre-sunset,1,RGB-LWIR_IP,0.76,Yes,RGB-LWIR
28,250,pre-sunset,1,RGB-LWIR_IP,0.582,Yes,RGB-LWIR
29,300,pre-sunset,1,RGB-LWIR_IP,0.672,Yes,RGB-LWIR
30,350,pre-sunset,1,RGB-LWIR_IP,0.421,Yes,RGB-LWIR
31,400,pre-sunset,1,RGB-LWIR_IP,0.46,Yes,RGB-LWIR
32,50,post-sunset,1,RGB-LWIR_IP,0.832,Yes,RGB-LWIR
33,100,post-sunset,1,RGB-LWIR_IP,1.0,Yes,RGB-LWIR
34,150,post-sunset,1,RGB-LWIR_IP,0.505,Yes,RGB-LWIR
35,200,post-sunset,1,RGB-LWIR_IP,0.772,Yes,RGB-LWIR
36,250,post-sunset,1,RGB-LWIR_IP,0.463,Yes,RGB-LWIR
37,300,post-sunset,1,RGB-LWIR_IP,0.265,Yes,RGB-LWIR
38,350,post-sunset,1,RGB-LWIR_IP,0.19,Yes,RGB-LWIR
39,400,post-sunset,1,RGB-LWIR_IP,0.155,Yes,RGB-LWIR
40,50,pre-sunrise,2,RGB-LWIR_IP,0.505,Yes,RGB-LWIR
41,100,pre-sunrise,2,RGB-LWIR_IP,0.805,Yes,RGB-LWIR
42,150,pre-sunrise,2,RGB-LWIR_IP,1.0,Yes,RGB-LWIR
43,200,pre-sunrise,2,RGB-LWIR_IP,0.291,Yes,RGB-LWIR
44,250,pre-sunrise,2,RGB-LWIR_IP,0.0,Yes,RGB-LWIR
45,300,pre-sunrise,2,RGB-LWIR_IP,0.0,Yes,RGB-LWIR
46,350,pre-sunrise,2,RGB-LWIR_IP,0.055,Yes,RGB-LWIR
47,400,pre-sunrise,2,RGB-LWIR_IP,0.0,Yes,RGB-LWIR
48,50,post-sunrise,2,RGB-LWIR_IP,0.998,Yes,RGB-LWIR
49,100,post-sunrise,2,RGB-LWIR_IP,0.505,Yes,RGB-LWIR
50,150,post-sunrise,2,RGB-LWIR_IP,0.672,Yes,RGB-LWIR
51,200,post-sunrise,2,RGB-LWIR_IP,0.626,Yes,RGB-LWIR
52,250,post-sunrise,2,RGB-LWIR_IP,0.672,Yes,RGB-LWIR
53,300,post-sunrise,2,RGB-LWIR_IP,0.472,Yes,RGB-LWIR
54,350,post-sunrise,2,RGB-LWIR_IP,0.0,Yes,RGB-LWIR
55,400,post-sunrise,2,RGB-LWIR_IP,0.338,Yes,RGB-LWIR
56,50,noon,2,RGB-LWIR_IP,0.705,Yes,RGB-LWIR
57,100,noon,2,RGB-LWIR_IP,0.755,Yes,RGB-LWIR
58,150,noon,2,RGB-LWIR_IP,0.905,Yes,RGB-LWIR
59,200,noon,2,RGB-LWIR_IP,0.944,Yes,RGB-LWIR
60,250,noon,2,RGB-LWIR_IP,0.575,Yes,RGB-LWIR
61,300,noon,2,RGB-LWIR_IP,0.562,Yes,RGB-LWIR
62,350,noon,2,RGB-LWIR_IP,0.858,Yes,RGB-LWIR
63,400,noon,2,RGB-LWIR_IP,0.277,Yes,RGB-LWIR
64,50,pre-sunset,2,RGB-LWIR_IP,0.738,Yes,RGB-LWIR
65,100,pre-sunset,2,RGB-LWIR_IP,0.829,Yes,RGB-LWIR
66,150,pre-sunset,2,RGB-LWIR_IP,0.872,Yes,RGB-LWIR
67,200,pre-sunset,2,RGB-LWIR_IP,0.786,Yes,RGB-LWIR
68,250,pre-sunset,2,RGB-LWIR_IP,0.66,Yes,RGB-LWIR
69,300,pre-sunset,2,RGB-LWIR_IP,0.584,Yes,RGB-LWIR
70,350,pre-sunset,2,RGB-LWIR_IP,0.439,Yes,RGB-LWIR
71,400,pre-sunset,2,RGB-LWIR_IP,0.46,Yes,RGB-LWIR
72,50,post-sunset,2,RGB-LWIR_IP,0.805,Yes,RGB-LWIR
73,100,post-sunset,2,RGB-LWIR_IP,1.0,Yes,RGB-LWIR
74,150,post-sunset,2,RGB-LWIR_IP,1.0,Yes,RGB-LWIR
75,200,post-sunset,2,RGB-LWIR_IP,0.557,Yes,RGB-LWIR
76,250,post-sunset,2,RGB-LWIR_IP,0.068,Yes,RGB-LWIR
77,300,post-sunset,2,RGB-LWIR_IP,0.449,Yes,RGB-LWIR
78,350,post-sunset,2,RGB-LWIR_IP,0.19,Yes,RGB-LWIR
79,400,post-sunset,2,RGB-LWIR_IP,0.232,Yes,RGB-LWIR
80,50,pre-sunrise,3,RGB-LWIR_IP,0.669,Yes,RGB-LWIR
81,100,pre-sunrise,3,RGB-LWIR_IP,0.805,Yes,RGB-LWIR
82,150,pre-sunrise,3,RGB-LWIR_IP,1.0,Yes,RGB-LWIR
83,200,pre-sunrise,3,RGB-LWIR_IP,0.291,Yes,RGB-LWIR
84,250,pre-sunrise,3,RGB-LWIR_IP,0.0,Yes,RGB-LWIR
85,300,pre-sunrise,3,RGB-LWIR_IP,0.048,Yes,RGB-LWIR
86,350,pre-sunrise,3,RGB-LWIR_IP,0.0,Yes,RGB-LWIR
87,400,pre-sunrise,3,RGB-LWIR_IP,0.0,Yes,RGB-LWIR
88,50,post-sunrise,3,RGB-LWIR_IP,1.0,Yes,RGB-LWIR
89,100,post-sunrise,3,RGB-LWIR_IP,0.999,Yes,RGB-LWIR
90,150,post-sunrise,3,RGB-LWIR_IP,0.672,Yes,RGB-LWIR
91,200,post-sunrise,3,RGB-LWIR_IP,0.831,Yes,RGB-LWIR
92,250,post-sunrise,3,RGB-LWIR_IP,0.52,Yes,RGB-LWIR
93,300,post-sunrise,3,RGB-LWIR_IP,0.914,Yes,RGB-LWIR
94,350,post-sunrise,3,RGB-LWIR_IP,0.353,Yes,RGB-LWIR
95,400,post-sunrise,3,RGB-LWIR_IP,0.328,Yes,RGB-LWIR
96,50,noon,3,RGB-LWIR_IP,0.605,Yes,RGB-LWIR
97,100,noon,3,RGB-LWIR_IP,1.0,Yes,RGB-LWIR
98,150,noon,3,RGB-LWIR_IP,0.593,Yes,RGB-LWIR
99,200,noon,3,RGB-LWIR_IP,0.944,Yes,RGB-LWIR
100,250,noon,3,RGB-LWIR_IP,0.586,Yes,RGB-LWIR
101,300,noon,3,RGB-LWIR_IP,0.562,Yes,RGB-LWIR
102,350,noon,3,RGB-LWIR_IP,0.356,Yes,RGB-LWIR
103,400,noon,3,RGB-LWIR_IP,0.193,Yes,RGB-LWIR
104,50,pre-sunset,3,RGB-LWIR_IP,0.738,Yes,RGB-LWIR
105,100,pre-sunset,3,RGB-LWIR_IP,0.868,Yes,RGB-LWIR
106,150,pre-sunset,3,RGB-LWIR_IP,0.898,Yes,RGB-LWIR
107,200,pre-sunset,3,RGB-LWIR_IP,0.708,Yes,RGB-LWIR
108,250,pre-sunset,3,RGB-LWIR_IP,0.732,Yes,RGB-LWIR
109,300,pre-sunset,3,RGB-LWIR_IP,0.605,Yes,RGB-LWIR
110,350,pre-sunset,3,RGB-LWIR_IP,0.439,Yes,RGB-LWIR
111,400,pre-sunset,3,RGB-LWIR_IP,0.339,Yes,RGB-LWIR
112,50,post-sunset,3,RGB-LWIR_IP,1.0,Yes,RGB-LWIR
113,100,post-sunset,3,RGB-LWIR_IP,0.999,Yes,RGB-LWIR
114,150,post-sunset,3,RGB-LWIR_IP,0.616,Yes,RGB-LWIR
115,200,post-sunset,3,RGB-LWIR_IP,0.291,Yes,RGB-LWIR
116,250,post-sunset,3,RGB-LWIR_IP,0.875,Yes,RGB-LWIR
117,300,post-sunset,3,RGB-LWIR_IP,0.239,Yes,RGB-LWIR
118,350,post-sunset,3,RGB-LWIR_IP,0.109,Yes,RGB-LWIR
119,400,post-sunset,3,RGB-LWIR_IP,0.183,Yes,RGB-LWIR
120,50,pre-sunrise,4,RGB-LWIR_IP,0.998,Yes,RGB-LWIR
121,100,pre-sunrise,4,RGB-LWIR_IP,0.605,Yes,RGB-LWIR
122,150,pre-sunrise,4,RGB-LWIR_IP,0.13,Yes,RGB-LWIR
123,200,pre-sunrise,4,RGB-LWIR_IP,0.0,Yes,RGB-LWIR
124,250,pre-sunrise,4,RGB-LWIR_IP,0.0,Yes,RGB-LWIR
125,300,pre-sunrise,4,RGB-LWIR_IP,0.19,Yes,RGB-LWIR
126,350,pre-sunrise,4,RGB-LWIR_IP,0.0,Yes,RGB-LWIR
127,400,pre-sunrise,4,RGB-LWIR_IP,0.0,Yes,RGB-LWIR
128,50,post-sunrise,4,RGB-LWIR_IP,1.0,Yes,RGB-LWIR
129,100,post-sunrise,4,RGB-LWIR_IP,1.0,Yes,RGB-LWIR
130,150,post-sunrise,4,RGB-LWIR_IP,0.755,Yes,RGB-LWIR
131,200,post-sunrise,4,RGB-LWIR_IP,0.831,Yes,RGB-LWIR
132,250,post-sunrise,4,RGB-LWIR_IP,0.755,Yes,RGB-LWIR
133,300,post-sunrise,4,RGB-LWIR_IP,0.862,Yes,RGB-LWIR
134,350,post-sunrise,4,RGB-LWIR_IP,0.205,Yes,RGB-LWIR
135,400,post-sunrise,4,RGB-LWIR_IP,0.277,Yes,RGB-LWIR
136,50,noon,4,RGB-LWIR_IP,0.605,Yes,RGB-LWIR
137,100,noon,4,RGB-LWIR_IP,0.914,Yes,RGB-LWIR
138,150,noon,4,RGB-LWIR_IP,0.851,Yes,RGB-LWIR
139,200,noon,4,RGB-LWIR_IP,0.913,Yes,RGB-LWIR
140,250,noon,4,RGB-LWIR_IP,0.477,Yes,RGB-LWIR
141,300,noon,4,RGB-LWIR_IP,0.598,Yes,RGB-LWIR
142,350,noon,4,RGB-LWIR_IP,0.0529,Yes,RGB-LWIR
143,400,noon,4,RGB-LWIR_IP,0.37,Yes,RGB-LWIR
144,50,pre-sunset,4,RGB-LWIR_IP,1.0,Yes,RGB-LWIR
145,100,pre-sunset,4,RGB-LWIR_IP,0.672,Yes,RGB-LWIR
146,150,pre-sunset,4,RGB-LWIR_IP,0.806,Yes,RGB-LWIR
147,200,pre-sunset,4,RGB-LWIR_IP,0.856,Yes,RGB-LWIR
148,250,pre-sunset,4,RGB-LWIR_IP,0.755,Yes,RGB-LWIR
149,300,pre-sunset,4,RGB-LWIR_IP,0.443,Yes,RGB-LWIR
150,350,pre-sunset,4,RGB-LWIR_IP,0.393,Yes,RGB-LWIR
151,400,pre-sunset,4,RGB-LWIR_IP,0.377,Yes,RGB-LWIR
152,50,post-sunset,4,RGB-LWIR_IP,0.964,Yes,RGB-LWIR
153,100,post-sunset,4,RGB-LWIR_IP,0.838,Yes,RGB-LWIR
154,150,post-sunset,4,RGB-LWIR_IP,0.701,Yes,RGB-LWIR
155,200,post-sunset,4,RGB-LWIR_IP,0.474,Yes,RGB-LWIR
156,250,post-sunset,4,RGB-LWIR_IP,0.705,Yes,RGB-LWIR
157,300,post-sunset,4,RGB-LWIR_IP,0.152,Yes,RGB-LWIR
158,350,post-sunset,4,RGB-LWIR_IP,0.109,Yes,RGB-LWIR
159,400,post-sunset,4,RGB-LWIR_IP,0.169,Yes,RGB-LWIR
160,50,pre-sunrise,5,RGB-LWIR_IP,1.0,Yes,RGB-LWIR
161,100,pre-sunrise,5,RGB-LWIR_IP,1.0,Yes,RGB-LWIR
162,150,pre-sunrise,5,RGB-LWIR_IP,0.505,Yes,RGB-LWIR
163,200,pre-sunrise,5,RGB-LWIR_IP,0.0,Yes,RGB-LWIR
164,250,pre-sunrise,5,RGB-LWIR_IP,0.0,Yes,RGB-LWIR
165,300,pre-sunrise,5,RGB-LWIR_IP,0.163,Yes,RGB-LWIR
166,350,pre-sunrise,5,RGB-LWIR_IP,0.063,Yes,RGB-LWIR
167,400,pre-sunrise,5,RGB-LWIR_IP,0.0,Yes,RGB-LWIR
168,50,post-sunrise,5,RGB-LWIR_IP,0.695,Yes,RGB-LWIR
169,100,post-sunrise,5,RGB-LWIR_IP,1.0,Yes,RGB-LWIR
170,150,post-sunrise,5,RGB-LWIR_IP,1.0,Yes,RGB-LWIR
171,200,post-sunrise,5,RGB-LWIR_IP,0.988,Yes,RGB-LWIR
172,250,post-sunrise,5,RGB-LWIR_IP,0.626,Yes,RGB-LWIR
173,300,post-sunrise,5,RGB-LWIR_IP,0.13,Yes,RGB-LWIR
174,350,post-sunrise,5,RGB-LWIR_IP,0.205,Yes,RGB-LWIR
175,400,post-sunrise,5,RGB-LWIR_IP,0.157,Yes,RGB-LWIR
176,50,noon,5,RGB-LWIR_IP,0.671,Yes,RGB-LWIR
177,100,noon,5,RGB-LWIR_IP,1.0,Yes,RGB-LWIR
178,150,noon,5,RGB-LWIR_IP,1.0,Yes,RGB-LWIR
179,200,noon,5,RGB-LWIR_IP,0.792,Yes,RGB-LWIR
180,250,noon,5,RGB-LWIR_IP,0.477,Yes,RGB-LWIR
181,300,noon,5,RGB-LWIR_IP,0.585,Yes,RGB-LWIR
182,350,noon,5,RGB-LWIR_IP,0.657,Yes,RGB-LWIR
183,400,noon,5,RGB-LWIR_IP,0.331,Yes,RGB-LWIR
184,50,pre-sunset,5,RGB-LWIR_IP,0.672,Yes,RGB-LWIR
185,100,pre-sunset,5,RGB-LWIR_IP,0.949,Yes,RGB-LWIR
186,150,pre-sunset,5,RGB-LWIR_IP,0.775,Yes,RGB-LWIR
187,200,pre-sunset,5,RGB-LWIR_IP,0.772,Yes,RGB-LWIR
188,250,pre-sunset,5,RGB-LWIR_IP,0.577,Yes,RGB-LWIR
189,300,pre-sunset,5,RGB-LWIR_IP,0.633,Yes,RGB-LWIR
190,350,pre-sunset,5,RGB-LWIR_IP,0.538,Yes,RGB-LWIR
191,400,pre-sunset,5,RGB-LWIR_IP,0.4,Yes,RGB-LWIR
192,50,post-sunset,5,RGB-LWIR_IP,0.838,Yes,RGB-LWIR
193,100,post-sunset,5,RGB-LWIR_IP,1.0,Yes,RGB-LWIR
194,150,post-sunset,5,RGB-LWIR_IP,0.672,Yes,RGB-LWIR
195,200,post-sunset,5,RGB-LWIR_IP,0.627,Yes,RGB-LWIR
196,250,post-sunset,5,RGB-LWIR_IP,0.599,Yes,RGB-LWIR
197,300,post-sunset,5,RGB-LWIR_IP,0.152,Yes,RGB-LWIR
198,350,post-sunset,5,RGB-LWIR_IP,0.55,Yes,RGB-LWIR
199,400,post-sunset,5,RGB-LWIR_IP,0.169,Yes,RGB-LWIR
200,50,pre-sunrise,1,RGB_IP,0.0,Yes,RGB
201,100,pre-sunrise,1,RGB_IP,0.672,Yes,RGB
202,150,pre-sunrise,1,RGB_IP,0.505,Yes,RGB
203,200,pre-sunrise,1,RGB_IP,0.36,Yes,RGB
204,250,pre-sunrise,1,RGB_IP,0.0,Yes,RGB
205,300,pre-sunrise,1,RGB_IP,0.803,Yes,RGB
206,350,pre-sunrise,1,RGB_IP,0.172,Yes,RGB
207,400,pre-sunrise,1,RGB_IP,0.081,Yes,RGB
208,50,post-sunrise,1,RGB_IP,1.0,Yes,RGB
209,100,post-sunrise,1,RGB_IP,0.805,Yes,RGB
210,150,post-sunrise,1,RGB_IP,1.0,Yes,RGB
211,200,post-sunrise,1,RGB_IP,0.865,Yes,RGB
212,250,post-sunrise,1,RGB_IP,0.0,Yes,RGB
213,300,post-sunrise,1,RGB_IP,0.751,Yes,RGB
214,350,post-sunrise,1,RGB_IP,0.392,Yes,RGB
215,400,post-sunrise,1,RGB_IP,0.682,Yes,RGB
216,50,noon,1,RGB_IP,0.732,Yes,RGB
217,100,noon,1,RGB_IP,0.738,Yes,RGB
218,150,noon,1,RGB_IP,0.987,Yes,RGB
219,200,noon,1,RGB_IP,0.938,Yes,RGB
220,250,noon,1,RGB_IP,0.748,Yes,RGB
221,300,noon,1,RGB_IP,0.862,Yes,RGB
222,350,noon,1,RGB_IP,0.747,Yes,RGB
223,400,noon,1,RGB_IP,0.535,Yes,RGB
224,50,pre-sunset,1,RGB_IP,0.672,Yes,RGB
225,100,pre-sunset,1,RGB_IP,0.794,Yes,RGB
226,150,pre-sunset,1,RGB_IP,0.938,Yes,RGB
227,200,pre-sunset,1,RGB_IP,0.726,Yes,RGB
228,250,pre-sunset,1,RGB_IP,0.638,Yes,RGB
229,300,pre-sunset,1,RGB_IP,0.743,Yes,RGB
230,350,pre-sunset,1,RGB_IP,0.669,Yes,RGB
231,400,pre-sunset,1,RGB_IP,0.545,Yes,RGB
232,50,post-sunset,1,RGB_IP,0.505,Yes,RGB
233,100,post-sunset,1,RGB_IP,0.755,Yes,RGB
234,150,post-sunset,1,RGB_IP,0.56,Yes,RGB
235,200,post-sunset,1,RGB_IP,0.148,Yes,RGB
236,250,post-sunset,1,RGB_IP,0.255,Yes,RGB
237,300,post-sunset,1,RGB_IP,0.166,Yes,RGB
238,350,post-sunset,1,RGB_IP,0.106,Yes,RGB
239,400,post-sunset,1,RGB_IP,0.151,Yes,RGB
240,50,pre-sunrise,2,RGB_IP,0.0,Yes,RGB
241,100,pre-sunrise,2,RGB_IP,0.755,Yes,RGB
242,150,pre-sunrise,2,RGB_IP,0.505,Yes,RGB
243,200,pre-sunrise,2,RGB_IP,0.434,Yes,RGB
244,250,pre-sunrise,2,RGB_IP,0.338,Yes,RGB
245,300,pre-sunrise,2,RGB_IP,0.0,Yes,RGB
246,350,pre-sunrise,2,RGB_IP,0.095,Yes,RGB
247,400,pre-sunrise,2,RGB_IP,0.043,Yes,RGB
248,50,post-sunrise,2,RGB_IP,0.505,Yes,RGB
249,100,post-sunrise,2,RGB_IP,0.999,Yes,RGB
250,150,post-sunrise,2,RGB_IP,0.672,Yes,RGB
251,200,post-sunrise,2,RGB_IP,0.959,Yes,RGB
252,250,post-sunrise,2,RGB_IP,0.672,Yes,RGB
253,300,post-sunrise,2,RGB_IP,0.894,Yes,RGB
254,350,post-sunrise,2,RGB_IP,0.405,Yes,RGB
255,400,post-sunrise,2,RGB_IP,0.672,Yes,RGB
256,50,noon,2,RGB_IP,0.905,Yes,RGB
257,100,noon,2,RGB_IP,1.0,Yes,RGB
258,150,noon,2,RGB_IP,1.0,Yes,RGB
259,200,noon,2,RGB_IP,0.904,Yes,RGB
260,250,noon,2,RGB_IP,0.748,Yes,RGB
261,300,noon,2,RGB_IP,0.77,Yes,RGB
262,350,noon,2,RGB_IP,0.776,Yes,RGB
263,400,noon,2,RGB_IP,0.495,Yes,RGB
264,50,pre-sunset,2,RGB_IP,0.531,Yes,RGB
265,100,pre-sunset,2,RGB_IP,0.946,Yes,RGB
266,150,pre-sunset,2,RGB_IP,0.938,Yes,RGB
267,200,pre-sunset,2,RGB_IP,0.736,Yes,RGB
268,250,pre-sunset,2,RGB_IP,0.732,Yes,RGB
269,300,pre-sunset,2,RGB_IP,0.705,Yes,RGB
270,350,pre-sunset,2,RGB_IP,0.568,Yes,RGB
271,400,pre-sunset,2,RGB_IP,0.474,Yes,RGB
272,50,post-sunset,2,RGB_IP,0.205,Yes,RGB
273,100,post-sunset,2,RGB_IP,0.862,Yes,RGB
274,150,post-sunset,2,RGB_IP,0.999,Yes,RGB
275,200,post-sunset,2,RGB_IP,0.253,Yes,RGB
276,250,post-sunset,2,RGB_IP,0.255,Yes,RGB
277,300,post-sunset,2,RGB_IP,0.081,Yes,RGB
278,350,post-sunset,2,RGB_IP,0.23,Yes,RGB
279,400,post-sunset,2,RGB_IP,0.236,Yes,RGB
280,50,pre-sunrise,3,RGB_IP,0.0,Yes,RGB
281,100,pre-sunrise,3,RGB_IP,0.755,Yes,RGB
282,150,pre-sunrise,3,RGB_IP,0.505,Yes,RGB
283,200,pre-sunrise,3,RGB_IP,0.576,Yes,RGB
284,250,pre-sunrise,3,RGB_IP,0.0,Yes,RGB
285,300,pre-sunrise,3,RGB_IP,0.148,Yes,RGB
286,350,pre-sunrise,3,RGB_IP,0.116,Yes,RGB
287,400,pre-sunrise,3,RGB_IP,0.088,Yes,RGB
288,50,post-sunrise,3,RGB_IP,1.0,Yes,RGB
289,100,post-sunrise,3,RGB_IP,0.838,Yes,RGB
290,150,post-sunrise,3,RGB_IP,1.0,Yes,RGB
291,200,post-sunrise,3,RGB_IP,0.823,Yes,RGB
292,250,post-sunrise,3,RGB_IP,0.672,Yes,RGB
293,300,post-sunrise,3,RGB_IP,1.0,Yes,RGB
294,350,post-sunrise,3,RGB_IP,0.695,Yes,RGB
295,400,post-sunrise,3,RGB_IP,0.666,Yes,RGB
296,50,noon,3,RGB_IP,0.641,Yes,RGB
297,100,noon,3,RGB_IP,0.914,Yes,RGB
298,150,noon,3,RGB_IP,0.91,Yes,RGB
299,200,noon,3,RGB_IP,0.88,Yes,RGB
300,250,noon,3,RGB_IP,0.807,Yes,RGB
301,300,noon,3,RGB_IP,0.753,Yes,RGB
302,350,noon,3,RGB_IP,0.597,Yes,RGB
303,400,noon,3,RGB_IP,0.347,Yes,RGB
304,50,pre-sunset,3,RGB_IP,0.593,Yes,RGB
305,100,pre-sunset,3,RGB_IP,0.744,Yes,RGB
306,150,pre-sunset,3,RGB_IP,0.898,Yes,RGB
307,200,pre-sunset,3,RGB_IP,0.755,Yes,RGB
308,250,pre-sunset,3,RGB_IP,0.838,Yes,RGB
309,300,pre-sunset,3,RGB_IP,0.696,Yes,RGB
310,350,pre-sunset,3,RGB_IP,0.61,Yes,RGB
311,400,pre-sunset,3,RGB_IP,0.491,Yes,RGB
312,50,post-sunset,3,RGB_IP,0.505,Yes,RGB
313,100,post-sunset,3,RGB_IP,0.695,Yes,RGB
314,150,post-sunset,3,RGB_IP,0.854,Yes,RGB
315,200,post-sunset,3,RGB_IP,0.278,Yes,RGB
316,250,post-sunset,3,RGB_IP,0.348,Yes,RGB
317,300,post-sunset,3,RGB_IP,0.103,Yes,RGB
318,350,post-sunset,3,RGB_IP,0.151,Yes,RGB
319,400,post-sunset,3,RGB_IP,0.116,Yes,RGB
320,50,pre-sunrise,4,RGB_IP,1.0,Yes,RGB
321,100,pre-sunrise,4,RGB_IP,0.405,Yes,RGB
322,150,pre-sunrise,4,RGB_IP,0.0,Yes,RGB
323,200,pre-sunrise,4,RGB_IP,0.405,Yes,RGB
324,250,pre-sunrise,4,RGB_IP,0.0,Yes,RGB
325,300,pre-sunrise,4,RGB_IP,0.0,Yes,RGB
326,350,pre-sunrise,4,RGB_IP,0.172,Yes,RGB
327,400,pre-sunrise,4,RGB_IP,0.077,Yes,RGB
328,50,post-sunrise,4,RGB_IP,1.0,Yes,RGB
329,100,post-sunrise,4,RGB_IP,0.672,Yes,RGB
330,150,post-sunrise,4,RGB_IP,0.755,Yes,RGB
331,200,post-sunrise,4,RGB_IP,0.815,Yes,RGB
332,250,post-sunrise,4,RGB_IP,0.755,Yes,RGB
333,300,post-sunrise,4,RGB_IP,0.755,Yes,RGB
334,350,post-sunrise,4,RGB_IP,0.505,Yes,RGB
335,400,post-sunrise,4,RGB_IP,0.641,Yes,RGB
336,50,noon,4,RGB_IP,0.697,Yes,RGB
337,100,noon,4,RGB_IP,0.922,Yes,RGB
338,150,noon,4,RGB_IP,0.767,Yes,RGB
339,200,noon,4,RGB_IP,0.88,Yes,RGB
340,250,noon,4,RGB_IP,0.791,Yes,RGB
341,300,noon,4,RGB_IP,0.734,Yes,RGB
342,350,noon,4,RGB_IP,0.374,Yes,RGB
343,400,noon,4,RGB_IP,0.462,Yes,RGB
344,50,pre-sunset,4,RGB_IP,0.905,Yes,RGB
345,100,pre-sunset,4,RGB_IP,0.672,Yes,RGB
346,150,pre-sunset,4,RGB_IP,0.914,Yes,RGB
347,200,pre-sunset,4,RGB_IP,0.81,Yes,RGB
348,250,pre-sunset,4,RGB_IP,0.813,Yes,RGB
349,300,pre-sunset,4,RGB_IP,0.771,Yes,RGB
350,350,pre-sunset,4,RGB_IP,0.512,Yes,RGB
351,400,pre-sunset,4,RGB_IP,0.549,Yes,RGB
352,50,post-sunset,4,RGB_IP,0.576,Yes,RGB
353,100,post-sunset,4,RGB_IP,0.073,Yes,RGB
354,150,post-sunset,4,RGB_IP,0.588,Yes,RGB
355,200,post-sunset,4,RGB_IP,0.505,Yes,RGB
356,250,post-sunset,4,RGB_IP,0.332,Yes,RGB
357,300,post-sunset,4,RGB_IP,0.168,Yes,RGB
358,350,post-sunset,4,RGB_IP,0.17,Yes,RGB
359,400,post-sunset,4,RGB_IP,0.325,Yes,RGB
360,50,pre-sunrise,5,RGB_IP,0.0,Yes,RGB
361,100,pre-sunrise,5,RGB_IP,0.405,Yes,RGB
362,150,pre-sunrise,5,RGB_IP,0.128,Yes,RGB
363,200,pre-sunrise,5,RGB_IP,0.0,Yes,RGB
364,250,pre-sunrise,5,RGB_IP,0.0,Yes,RGB
365,300,pre-sunrise,5,RGB_IP,0.337,Yes,RGB
366,350,pre-sunrise,5,RGB_IP,0.146,Yes,RGB
367,400,pre-sunrise,5,RGB_IP,0.431,Yes,RGB
368,50,post-sunrise,5,RGB_IP,0.719,Yes,RGB
369,100,post-sunrise,5,RGB_IP,1.0,Yes,RGB
370,150,post-sunrise,5,RGB_IP,0.672,Yes,RGB
371,200,post-sunrise,5,RGB_IP,0.999,Yes,RGB
372,250,post-sunrise,5,RGB_IP,0.935,Yes,RGB
373,300,post-sunrise,5,RGB_IP,0.38,Yes,RGB
374,350,post-sunrise,5,RGB_IP,0.747,Yes,RGB
375,400,post-sunrise,5,RGB_IP,0.588,Yes,RGB
376,50,noon,5,RGB_IP,0.851,Yes,RGB
377,100,noon,5,RGB_IP,0.922,Yes,RGB
378,150,noon,5,RGB_IP,0.88,Yes,RGB
379,200,noon,5,RGB_IP,0.819,Yes,RGB
380,250,noon,5,RGB_IP,0.758,Yes,RGB
381,300,noon,5,RGB_IP,0.867,Yes,RGB
382,350,noon,5,RGB_IP,0.395,Yes,RGB
383,400,noon,5,RGB_IP,0.443,Yes,RGB
384,50,pre-sunset,5,RGB_IP,0.805,Yes,RGB
385,100,pre-sunset,5,RGB_IP,0.949,Yes,RGB
386,150,pre-sunset,5,RGB_IP,0.96,Yes,RGB
387,200,pre-sunset,5,RGB_IP,0.783,Yes,RGB
388,250,pre-sunset,5,RGB_IP,0.772,Yes,RGB
389,300,pre-sunset,5,RGB_IP,0.77,Yes,RGB
390,350,pre-sunset,5,RGB_IP,0.671,Yes,RGB
391,400,pre-sunset,5,RGB_IP,0.516,Yes,RGB
392,50,post-sunset,5,RGB_IP,0.552,Yes,RGB
393,100,post-sunset,5,RGB_IP,0.719,Yes,RGB
394,150,post-sunset,5,RGB_IP,0.443,Yes,RGB
395,200,post-sunset,5,RGB_IP,0.329,Yes,RGB
396,250,post-sunset,5,RGB_IP,0.426,Yes,RGB
397,300,post-sunset,5,RGB_IP,0.534,Yes,RGB
398,350,post-sunset,5,RGB_IP,0.17,Yes,RGB
399,400,post-sunset,5,RGB_IP,0.0,Yes,RGB
400,50,pre-sunrise,1,LWIR_IP,1.0,Yes,LWIR
401,100,pre-sunrise,1,LWIR_IP,1.0,Yes,LWIR
402,150,pre-sunrise,1,LWIR_IP,1.0,Yes,LWIR
403,200,pre-sunrise,1,LWIR_IP,0.576,Yes,LWIR
404,250,pre-sunrise,1,LWIR_IP,0.0,Yes,LWIR
405,300,pre-sunrise,1,LWIR_IP,0.0,Yes,LWIR
406,350,pre-sunrise,1,LWIR_IP,0.0,Yes,LWIR
407,400,pre-sunrise,1,LWIR_IP,0.0,Yes,LWIR
408,50,post-sunrise,1,LWIR_IP,1.0,Yes,LWIR
409,100,post-sunrise,1,LWIR_IP,0.755,Yes,LWIR
410,150,post-sunrise,1,LWIR_IP,0.338,Yes,LWIR
411,200,post-sunrise,1,LWIR_IP,0.0,Yes,LWIR
412,250,post-sunrise,1,LWIR_IP,0.092,Yes,LWIR
413,300,post-sunrise,1,LWIR_IP,0.109,Yes,LWIR
414,350,post-sunrise,1,LWIR_IP,0.0,Yes,LWIR
415,400,post-sunrise,1,LWIR_IP,0.0,Yes,LWIR
416,50,noon,1,LWIR_IP,0.46,Yes,LWIR
417,100,noon,1,LWIR_IP,0.805,Yes,LWIR
418,150,noon,1,LWIR_IP,0.505,Yes,LWIR
419,200,noon,1,LWIR_IP,0.994,Yes,LWIR
420,250,noon,1,LWIR_IP,0.255,Yes,LWIR
421,300,noon,1,LWIR_IP,0.11,Yes,LWIR
422,350,noon,1,LWIR_IP,0.231,Yes,LWIR
423,400,noon,1,LWIR_IP,0.066,Yes,LWIR
424,50,pre-sunset,1,LWIR_IP,1.0,Yes,LWIR
425,100,pre-sunset,1,LWIR_IP,0.88,Yes,LWIR
426,150,pre-sunset,1,LWIR_IP,0.697,Yes,LWIR
427,200,pre-sunset,1,LWIR_IP,0.576,Yes,LWIR
428,250,pre-sunset,1,LWIR_IP,0.274,Yes,LWIR
429,300,pre-sunset,1,LWIR_IP,0.291,Yes,LWIR
430,350,pre-sunset,1,LWIR_IP,0.137,Yes,LWIR
431,400,pre-sunset,1,LWIR_IP,0.099,Yes,LWIR
432,50,post-sunset,1,LWIR_IP,1.0,Yes,LWIR
433,100,post-sunset,1,LWIR_IP,1.0,Yes,LWIR
434,150,post-sunset,1,LWIR_IP,1.0,Yes,LWIR
435,200,post-sunset,1,LWIR_IP,0.614,Yes,LWIR
436,250,post-sunset,1,LWIR_IP,0.501,Yes,LWIR
437,300,post-sunset,1,LWIR_IP,0.201,Yes,LWIR
438,350,post-sunset,1,LWIR_IP,0.242,Yes,LWIR
439,400,post-sunset,1,LWIR_IP,0.13,Yes,LWIR
440,50,pre-sunrise,2,LWIR_IP,0.505,Yes,LWIR
441,100,pre-sunrise,2,LWIR_IP,0.605,Yes,LWIR
442,150,pre-sunrise,2,LWIR_IP,1.0,Yes,LWIR
443,200,pre-sunrise,2,LWIR_IP,0.0,Yes,LWIR
444,250,pre-sunrise,2,LWIR_IP,0.0,Yes,LWIR
445,300,pre-sunrise,2,LWIR_IP,0.148,Yes,LWIR
446,350,pre-sunrise,2,LWIR_IP,0.0,Yes,LWIR
447,400,pre-sunrise,2,LWIR_IP,0.0,Yes,LWIR
448,50,post-sunrise,2,LWIR_IP,0.505,Yes,LWIR
449,100,post-sunrise,2,LWIR_IP,0.0,Yes,LWIR
450,150,post-sunrise,2,LWIR_IP,0.338,Yes,LWIR
451,200,post-sunrise,2,LWIR_IP,0.434,Yes,LWIR
452,250,post-sunrise,2,LWIR_IP,0.0,Yes,LWIR
453,300,post-sunrise,2,LWIR_IP,0.0,Yes,LWIR
454,350,post-sunrise,2,LWIR_IP,0.0,Yes,LWIR
455,400,post-sunrise,2,LWIR_IP,0.0,Yes,LWIR
456,50,noon,2,LWIR_IP,0.505,Yes,LWIR
457,100,noon,2,LWIR_IP,0.67,Yes,LWIR
458,150,noon,2,LWIR_IP,0.38,Yes,LWIR
459,200,noon,2,LWIR_IP,0.596,Yes,LWIR
460,250,noon,2,LWIR_IP,0.525,Yes,LWIR
461,300,noon,2,LWIR_IP,0.227,Yes,LWIR
462,350,noon,2,LWIR_IP,0.231,Yes,LWIR
463,400,noon,2,LWIR_IP,0.1,Yes,LWIR
464,50,pre-sunset,2,LWIR_IP,0.805,Yes,LWIR
465,100,pre-sunset,2,LWIR_IP,0.754,Yes,LWIR
466,150,pre-sunset,2,LWIR_IP,0.697,Yes,LWIR
467,200,pre-sunset,2,LWIR_IP,0.691,Yes,LWIR
468,250,pre-sunset,2,LWIR_IP,0.274,Yes,LWIR
469,300,pre-sunset,2,LWIR_IP,0.199,Yes,LWIR
470,350,pre-sunset,2,LWIR_IP,0.131,Yes,LWIR
471,400,pre-sunset,2,LWIR_IP,0.063,Yes,LWIR
472,50,post-sunset,2,LWIR_IP,0.672,Yes,LWIR
473,100,post-sunset,2,LWIR_IP,1.0,Yes,LWIR
474,150,post-sunset,2,LWIR_IP,0.862,Yes,LWIR
475,200,post-sunset,2,LWIR_IP,0.811,Yes,LWIR
476,250,post-sunset,2,LWIR_IP,0.501,Yes,LWIR
477,300,post-sunset,2,LWIR_IP,0.338,Yes,LWIR
478,350,post-sunset,2,LWIR_IP,0.128,Yes,LWIR
479,400,post-sunset,2,LWIR_IP,0.159,Yes,LWIR
480,50,pre-sunrise,3,LWIR_IP,0.672,Yes,LWIR
481,100,pre-sunrise,3,LWIR_IP,0.605,Yes,LWIR
482,150,pre-sunrise,3,LWIR_IP,1.0,Yes,LWIR
483,200,pre-sunrise,3,LWIR_IP,0.148,Yes,LWIR
484,250,pre-sunrise,3,LWIR_IP,0.0,Yes,LWIR
485,300,pre-sunrise,3,LWIR_IP,0.148,Yes,LWIR
486,350,pre-sunrise,3,LWIR_IP,0.0,Yes,LWIR
487,400,pre-sunrise,3,LWIR_IP,0.043,Yes,LWIR
488,50,post-sunrise,3,LWIR_IP,1.0,Yes,LWIR
489,100,post-sunrise,3,LWIR_IP,0.672,Yes,LWIR
490,150,post-sunrise,3,LWIR_IP,0.0,Yes,LWIR
491,200,post-sunrise,3,LWIR_IP,0.0,Yes,LWIR
492,250,post-sunrise,3,LWIR_IP,0.0,Yes,LWIR
493,300,post-sunrise,3,LWIR_IP,0.095,Yes,LWIR
494,350,post-sunrise,3,LWIR_IP,0.0,Yes,LWIR
495,400,post-sunrise,3,LWIR_IP,0.0,Yes,LWIR
496,50,noon,3,LWIR_IP,0.338,Yes,LWIR
497,100,noon,3,LWIR_IP,0.55,Yes,LWIR
498,150,noon,3,LWIR_IP,0.38,Yes,LWIR
499,200,noon,3,LWIR_IP,0.637,Yes,LWIR
500,250,noon,3,LWIR_IP,0.288,Yes,LWIR
501,300,noon,3,LWIR_IP,0.199,Yes,LWIR
502,350,noon,3,LWIR_IP,0.132,Yes,LWIR
503,400,noon,3,LWIR_IP,0.244,Yes,LWIR
504,50,pre-sunset,3,LWIR_IP,0.711,Yes,LWIR
505,100,pre-sunset,3,LWIR_IP,0.862,Yes,LWIR
506,150,pre-sunset,3,LWIR_IP,0.783,Yes,LWIR
507,200,pre-sunset,3,LWIR_IP,0.725,Yes,LWIR
508,250,pre-sunset,3,LWIR_IP,0.274,Yes,LWIR
509,300,pre-sunset,3,LWIR_IP,0.23,Yes,LWIR
510,350,pre-sunset,3,LWIR_IP,0.062,Yes,LWIR
511,400,pre-sunset,3,LWIR_IP,0.018,Yes,LWIR
512,50,post-sunset,3,LWIR_IP,0.998,Yes,LWIR
513,100,post-sunset,3,LWIR_IP,1.0,Yes,LWIR
514,150,post-sunset,3,LWIR_IP,0.946,Yes,LWIR
515,200,post-sunset,3,LWIR_IP,0.358,Yes,LWIR
516,250,post-sunset,3,LWIR_IP,0.795,Yes,LWIR
517,300,post-sunset,3,LWIR_IP,0.205,Yes,LWIR
518,350,post-sunset,3,LWIR_IP,0.142,Yes,LWIR
519,400,post-sunset,3,LWIR_IP,0.07,Yes,LWIR
520,50,pre-sunrise,4,LWIR_IP,1.0,Yes,LWIR
521,100,pre-sunrise,4,LWIR_IP,0.405,Yes,LWIR
522,150,pre-sunrise,4,LWIR_IP,0.198,Yes,LWIR
523,200,pre-sunrise,4,LWIR_IP,0.0,Yes,LWIR
524,250,pre-sunrise,4,LWIR_IP,0.0,Yes,LWIR
525,300,pre-sunrise,4,LWIR_IP,0.12,Yes,LWIR
526,350,pre-sunrise,4,LWIR_IP,0.0,Yes,LWIR
527,400,pre-sunrise,4,LWIR_IP,0.0,Yes,LWIR
528,50,post-sunrise,4,LWIR_IP,0.0,Yes,LWIR
529,100,post-sunrise,4,LWIR_IP,0.338,Yes,LWIR
530,150,post-sunrise,4,LWIR_IP,0.0,Yes,LWIR
531,200,post-sunrise,4,LWIR_IP,0.0,Yes,LWIR
532,250,post-sunrise,4,LWIR_IP,0.0,Yes,LWIR
533,300,post-sunrise,4,LWIR_IP,0.148,Yes,LWIR
534,350,post-sunrise,4,LWIR_IP,0.0,Yes,LWIR
535,400,post-sunrise,4,LWIR_IP,0.0,Yes,LWIR
536,50,noon,4,LWIR_IP,0.46,Yes,LWIR
537,100,noon,4,LWIR_IP,0.605,Yes,LWIR
538,150,noon,4,LWIR_IP,0.449,Yes,LWIR
539,200,noon,4,LWIR_IP,0.159,Yes,LWIR
540,250,noon,4,LWIR_IP,0.274,Yes,LWIR
541,300,noon,4,LWIR_IP,0.199,Yes,LWIR
542,350,noon,4,LWIR_IP,0.045,Yes,LWIR
543,400,noon,4,LWIR_IP,0.179,Yes,LWIR
544,50,pre-sunset,4,LWIR_IP,0.805,Yes,LWIR
545,100,pre-sunset,4,LWIR_IP,0.755,Yes,LWIR
546,150,pre-sunset,4,LWIR_IP,0.852,Yes,LWIR
547,200,pre-sunset,4,LWIR_IP,0.711,Yes,LWIR
548,250,pre-sunset,4,LWIR_IP,0.727,Yes,LWIR
549,300,pre-sunset,4,LWIR_IP,0.249,Yes,LWIR
550,350,pre-sunset,4,LWIR_IP,0.074,Yes,LWIR
551,400,pre-sunset,4,LWIR_IP,0.018,Yes,LWIR
552,50,post-sunset,4,LWIR_IP,0.752,Yes,LWIR
553,100,post-sunset,4,LWIR_IP,0.672,Yes,LWIR
554,150,post-sunset,4,LWIR_IP,0.641,Yes,LWIR
555,200,post-sunset,4,LWIR_IP,0.505,Yes,LWIR
556,250,post-sunset,4,LWIR_IP,0.687,Yes,LWIR
557,300,post-sunset,4,LWIR_IP,0.153,Yes,LWIR
558,350,post-sunset,4,LWIR_IP,0.434,Yes,LWIR
559,400,post-sunset,4,LWIR_IP,0.1,Yes,LWIR
560,50,pre-sunrise,5,LWIR_IP,1.0,Yes,LWIR
561,100,pre-sunrise,5,LWIR_IP,0.405,Yes,LWIR
562,150,pre-sunrise,5,LWIR_IP,0.338,Yes,LWIR
563,200,pre-sunrise,5,LWIR_IP,0.0,Yes,LWIR
564,250,pre-sunrise,5,LWIR_IP,0.0,Yes,LWIR
565,300,pre-sunrise,5,LWIR_IP,0.329,Yes,LWIR
566,350,pre-sunrise,5,LWIR_IP,0.06,Yes,LWIR
567,400,pre-sunrise,5,LWIR_IP,0.0,Yes,LWIR
568,50,post-sunrise,5,LWIR_IP,0.148,Yes,LWIR
569,100,post-sunrise,5,LWIR_IP,0.505,Yes,LWIR
570,150,post-sunrise,5,LWIR_IP,0.672,Yes,LWIR
571,200,post-sunrise,5,LWIR_IP,0.255,Yes,LWIR
572,250,post-sunrise,5,LWIR_IP,0.0,Yes,LWIR
573,300,post-sunrise,5,LWIR_IP,0.0,Yes,LWIR
574,350,post-sunrise,5,LWIR_IP,0.0,Yes,LWIR
575,400,post-sunrise,5,LWIR_IP,0.0,Yes,LWIR
576,50,noon,5,LWIR_IP,0.672,Yes,LWIR
577,100,noon,5,LWIR_IP,0.605,Yes,LWIR
578,150,noon,5,LWIR_IP,0.617,Yes,LWIR
579,200,noon,5,LWIR_IP,0.123,Yes,LWIR
580,250,noon,5,LWIR_IP,0.274,Yes,LWIR
581,300,noon,5,LWIR_IP,0.1,Yes,LWIR
582,350,noon,5,LWIR_IP,0.205,Yes,LWIR
583,400,noon,5,LWIR_IP,0.179,Yes,LWIR
584,50,pre-sunset,5,LWIR_IP,0.641,Yes,LWIR
585,100,pre-sunset,5,LWIR_IP,0.949,Yes,LWIR
586,150,pre-sunset,5,LWIR_IP,0.812,Yes,LWIR
587,200,pre-sunset,5,LWIR_IP,0.842,Yes,LWIR
588,250,pre-sunset,5,LWIR_IP,0.632,Yes,LWIR
589,300,pre-sunset,5,LWIR_IP,0.312,Yes,LWIR
590,350,pre-sunset,5,LWIR_IP,0.398,Yes,LWIR
591,400,pre-sunset,5,LWIR_IP,0.07,Yes,LWIR
592,50,post-sunset,5,LWIR_IP,1.0,Yes,LWIR
593,100,post-sunset,5,LWIR_IP,0.862,Yes,LWIR
594,150,post-sunset,5,LWIR_IP,0.63,Yes,LWIR
595,200,post-sunset,5,LWIR_IP,0.348,Yes,LWIR
596,250,post-sunset,5,LWIR_IP,0.427,Yes,LWIR
597,300,post-sunset,5,LWIR_IP,0.241,Yes,LWIR
598,350,post-sunset,5,LWIR_IP,0.383,Yes,LWIR
599,400,post-sunset,5,LWIR_IP,0.12,Yes,LWIR
600,50,pre-sunrise,1,RGB-LWIR,0.0,No,RGB-LWIR
601,100,pre-sunrise,1,RGB-LWIR,1.0,No,RGB-LWIR
602,150,pre-sunrise,1,RGB-LWIR,0.998,No,RGB-LWIR
603,200,pre-sunrise,1,RGB-LWIR,0.073,No,RGB-LWIR
604,250,pre-sunrise,1,RGB-LWIR,0.0793,No,RGB-LWIR
605,300,pre-sunrise,1,RGB-LWIR,0.046,No,RGB-LWIR
606,350,pre-sunrise,1,RGB-LWIR,0.0,No,RGB-LWIR
607,400,pre-sunrise,1,RGB-LWIR,0.0,No,RGB-LWIR
608,50,post-sunrise,1,RGB-LWIR,0.999,No,RGB-LWIR
609,100,post-sunrise,1,RGB-LWIR,0.755,No,RGB-LWIR
610,150,post-sunrise,1,RGB-LWIR,0.998,No,RGB-LWIR
611,200,post-sunrise,1,RGB-LWIR,0.525,No,RGB-LWIR
612,250,post-sunrise,1,RGB-LWIR,0.54,No,RGB-LWIR
613,300,post-sunrise,1,RGB-LWIR,0.222,No,RGB-LWIR
614,350,post-sunrise,1,RGB-LWIR,0.0,No,RGB-LWIR
615,400,post-sunrise,1,RGB-LWIR,0.126,No,RGB-LWIR
616,50,noon,1,RGB-LWIR,0.732,No,RGB-LWIR
617,100,noon,1,RGB-LWIR,0.46,No,RGB-LWIR
618,150,noon,1,RGB-LWIR,0.72,No,RGB-LWIR
619,200,noon,1,RGB-LWIR,0.863,No,RGB-LWIR
620,250,noon,1,RGB-LWIR,0.428,No,RGB-LWIR
621,300,noon,1,RGB-LWIR,0.297,No,RGB-LWIR
622,350,noon,1,RGB-LWIR,0.476,No,RGB-LWIR
623,400,noon,1,RGB-LWIR,0.269,No,RGB-LWIR
624,50,pre-sunset,1,RGB-LWIR,0.892,No,RGB-LWIR
625,100,pre-sunset,1,RGB-LWIR,0.783,No,RGB-LWIR
626,150,pre-sunset,1,RGB-LWIR,0.871,No,RGB-LWIR
627,200,pre-sunset,1,RGB-LWIR,0.714,No,RGB-LWIR
628,250,pre-sunset,1,RGB-LWIR,0.549,No,RGB-LWIR
629,300,pre-sunset,1,RGB-LWIR,0.574,No,RGB-LWIR
630,350,pre-sunset,1,RGB-LWIR,0.384,No,RGB-LWIR
631,400,pre-sunset,1,RGB-LWIR,0.284,No,RGB-LWIR
632,50,post-sunset,1,RGB-LWIR,0.1,No,RGB-LWIR
633,100,post-sunset,1,RGB-LWIR,0.999,No,RGB-LWIR
634,150,post-sunset,1,RGB-LWIR,0.503,No,RGB-LWIR
635,200,post-sunset,1,RGB-LWIR,0.439,No,RGB-LWIR
636,250,post-sunset,1,RGB-LWIR,0.13,No,RGB-LWIR
637,300,post-sunset,1,RGB-LWIR,0.265,No,RGB-LWIR
638,350,post-sunset,1,RGB-LWIR,0.281,No,RGB-LWIR
639,400,post-sunset,1,RGB-LWIR,0.29,No,RGB-LWIR
640,50,pre-sunrise,2,RGB-LWIR,0.0,No,RGB-LWIR
641,100,pre-sunrise,2,RGB-LWIR,0.603,No,RGB-LWIR
642,150,pre-sunrise,2,RGB-LWIR,0.998,No,RGB-LWIR
643,200,pre-sunrise,2,RGB-LWIR,0.073,No,RGB-LWIR
644,250,pre-sunrise,2,RGB-LWIR,0.05,No,RGB-LWIR
645,300,pre-sunrise,2,RGB-LWIR,0.046,No,RGB-LWIR
646,350,pre-sunrise,2,RGB-LWIR,0.0,No,RGB-LWIR
647,400,pre-sunrise,2,RGB-LWIR,0.11,No,RGB-LWIR
648,50,post-sunrise,2,RGB-LWIR,1.0,No,RGB-LWIR
649,100,post-sunrise,2,RGB-LWIR,0.669,No,RGB-LWIR
650,150,post-sunrise,2,RGB-LWIR,0.998,No,RGB-LWIR
651,200,post-sunrise,2,RGB-LWIR,0.567,No,RGB-LWIR
652,250,post-sunrise,2,RGB-LWIR,0.672,No,RGB-LWIR
653,300,post-sunrise,2,RGB-LWIR,0.561,No,RGB-LWIR
654,350,post-sunrise,2,RGB-LWIR,0.0,No,RGB-LWIR
655,400,post-sunrise,2,RGB-LWIR,0.227,No,RGB-LWIR
656,50,noon,2,RGB-LWIR,3.0,No,RGB-LWIR
657,100,noon,2,RGB-LWIR,0.752,No,RGB-LWIR
658,150,noon,2,RGB-LWIR,0.905,No,RGB-LWIR
659,200,noon,2,RGB-LWIR,0.897,No,RGB-LWIR
660,250,noon,2,RGB-LWIR,0.501,No,RGB-LWIR
661,300,noon,2,RGB-LWIR,0.34,No,RGB-LWIR
662,350,noon,2,RGB-LWIR,0.676,No,RGB-LWIR
663,400,noon,2,RGB-LWIR,0.158,No,RGB-LWIR
664,50,pre-sunset,2,RGB-LWIR,0.872,No,RGB-LWIR
665,100,pre-sunset,2,RGB-LWIR,0.829,No,RGB-LWIR
666,150,pre-sunset,2,RGB-LWIR,0.842,No,RGB-LWIR
667,200,pre-sunset,2,RGB-LWIR,0.715,No,RGB-LWIR
668,250,pre-sunset,2,RGB-LWIR,0.624,No,RGB-LWIR
669,300,pre-sunset,2,RGB-LWIR,0.461,No,RGB-LWIR
670,350,pre-sunset,2,RGB-LWIR,0.353,No,RGB-LWIR
671,400,pre-sunset,2,RGB-LWIR,0.174,No,RGB-LWIR
672,50,post-sunset,2,RGB-LWIR,0.805,No,RGB-LWIR
673,100,post-sunset,2,RGB-LWIR,0.999,No,RGB-LWIR
674,150,post-sunset,2,RGB-LWIR,1.0,No,RGB-LWIR
675,200,post-sunset,2,RGB-LWIR,0.54,No,RGB-LWIR
676,250,post-sunset,2,RGB-LWIR,0.035,No,RGB-LWIR
677,300,post-sunset,2,RGB-LWIR,0.311,No,RGB-LWIR
678,350,post-sunset,2,RGB-LWIR,0.26,No,RGB-LWIR
679,400,post-sunset,2,RGB-LWIR,0.291,No,RGB-LWIR
680,50,pre-sunrise,3,RGB-LWIR,1.0,No,RGB-LWIR
681,100,pre-sunrise,3,RGB-LWIR,0.752,No,RGB-LWIR
682,150,pre-sunrise,3,RGB-LWIR,0.418,No,RGB-LWIR
683,200,pre-sunrise,3,RGB-LWIR,0.359,No,RGB-LWIR
684,250,pre-sunrise,3,RGB-LWIR,0.0,No,RGB-LWIR
685,300,pre-sunrise,3,RGB-LWIR,0.0,No,RGB-LWIR
686,350,pre-sunrise,3,RGB-LWIR,0.079,No,RGB-LWIR
687,400,pre-sunrise,3,RGB-LWIR,0.046,No,RGB-LWIR
688,50,post-sunrise,3,RGB-LWIR,0.997,No,RGB-LWIR
689,100,post-sunrise,3,RGB-LWIR,0.999,No,RGB-LWIR
690,150,post-sunrise,3,RGB-LWIR,0.668,No,RGB-LWIR
691,200,post-sunrise,3,RGB-LWIR,0.904,No,RGB-LWIR
692,250,post-sunrise,3,RGB-LWIR,0.46,No,RGB-LWIR
693,300,post-sunrise,3,RGB-LWIR,0.187,No,RGB-LWIR
694,350,post-sunrise,3,RGB-LWIR,0.135,No,RGB-LWIR
695,400,post-sunrise,3,RGB-LWIR,0.051,No,RGB-LWIR
696,50,noon,3,RGB-LWIR,0.405,No,RGB-LWIR
697,100,noon,3,RGB-LWIR,0.782,No,RGB-LWIR
698,150,noon,3,RGB-LWIR,0.532,No,RGB-LWIR
699,200,noon,3,RGB-LWIR,0.815,No,RGB-LWIR
700,250,noon,3,RGB-LWIR,0.39,No,RGB-LWIR
701,300,noon,3,RGB-LWIR,0.338,No,RGB-LWIR
702,350,noon,3,RGB-LWIR,0.14,No,RGB-LWIR
703,400,noon,3,RGB-LWIR,0.145,No,RGB-LWIR
704,50,pre-sunset,3,RGB-LWIR,0.829,No,RGB-LWIR
705,100,pre-sunset,3,RGB-LWIR,0.829,No,RGB-LWIR
706,150,pre-sunset,3,RGB-LWIR,0.576,No,RGB-LWIR
707,200,pre-sunset,3,RGB-LWIR,0.682,No,RGB-LWIR
708,250,pre-sunset,3,RGB-LWIR,0.662,No,RGB-LWIR
709,300,pre-sunset,3,RGB-LWIR,0.461,No,RGB-LWIR
710,350,pre-sunset,3,RGB-LWIR,0.398,No,RGB-LWIR
711,400,pre-sunset,3,RGB-LWIR,0.335,No,RGB-LWIR
712,50,post-sunset,3,RGB-LWIR,0.505,No,RGB-LWIR
713,100,post-sunset,3,RGB-LWIR,0.86,No,RGB-LWIR
714,150,post-sunset,3,RGB-LWIR,0.504,No,RGB-LWIR
715,200,post-sunset,3,RGB-LWIR,0.338,No,RGB-LWIR
716,250,post-sunset,3,RGB-LWIR,0.788,No,RGB-LWIR
717,300,post-sunset,3,RGB-LWIR,0.303,No,RGB-LWIR
718,350,post-sunset,3,RGB-LWIR,0.15,No,RGB-LWIR
719,400,post-sunset,3,RGB-LWIR,0.234,No,RGB-LWIR
720,50,pre-sunrise,4,RGB-LWIR,0.5,No,RGB-LWIR
721,100,pre-sunrise,4,RGB-LWIR,0.2,No,RGB-LWIR
722,150,pre-sunrise,4,RGB-LWIR,0.167,No,RGB-LWIR
723,200,pre-sunrise,4,RGB-LWIR,0.359,No,RGB-LWIR
724,250,pre-sunrise,4,RGB-LWIR,0.0,No,RGB-LWIR
725,300,pre-sunrise,4,RGB-LWIR,0.0,No,RGB-LWIR
726,350,pre-sunrise,4,RGB-LWIR,0.0,No,RGB-LWIR
727,400,pre-sunrise,4,RGB-LWIR,0.0,No,RGB-LWIR
728,50,post-sunrise,4,RGB-LWIR,1.0,No,RGB-LWIR
729,100,post-sunrise,4,RGB-LWIR,0.672,No,RGB-LWIR
730,150,post-sunrise,4,RGB-LWIR,0.668,No,RGB-LWIR
731,200,post-sunrise,4,RGB-LWIR,0.779,No,RGB-LWIR
732,250,post-sunrise,4,RGB-LWIR,0.63,No,RGB-LWIR
733,300,post-sunrise,4,RGB-LWIR,0.291,No,RGB-LWIR
734,350,post-sunrise,4,RGB-LWIR,0.205,No,RGB-LWIR
735,400,post-sunrise,4,RGB-LWIR,0.116,No,RGB-LWIR
736,50,noon,4,RGB-LWIR,0.703,No,RGB-LWIR
737,100,noon,4,RGB-LWIR,0.721,No,RGB-LWIR
738,150,noon,4,RGB-LWIR,0.668,No,RGB-LWIR
739,200,noon,4,RGB-LWIR,0.916,No,RGB-LWIR
740,250,noon,4,RGB-LWIR,0.322,No,RGB-LWIR
741,300,noon,4,RGB-LWIR,0.409,No,RGB-LWIR
742,350,noon,4,RGB-LWIR,0.135,No,RGB-LWIR
743,400,noon,4,RGB-LWIR,0.293,No,RGB-LWIR
744,50,pre-sunset,4,RGB-LWIR,0.905,No,RGB-LWIR
745,100,pre-sunset,4,RGB-LWIR,0.67,No,RGB-LWIR
746,150,pre-sunset,4,RGB-LWIR,0.576,No,RGB-LWIR
747,200,pre-sunset,4,RGB-LWIR,0.749,No,RGB-LWIR
748,250,pre-sunset,4,RGB-LWIR,0.656,No,RGB-LWIR
749,300,pre-sunset,4,RGB-LWIR,0.359,No,RGB-LWIR
750,350,pre-sunset,4,RGB-LWIR,0.295,No,RGB-LWIR
751,400,pre-sunset,4,RGB-LWIR,0.333,No,RGB-LWIR
752,50,post-sunset,4,RGB-LWIR,0.718,No,RGB-LWIR
753,100,post-sunset,4,RGB-LWIR,0.837,No,RGB-LWIR
754,150,post-sunset,4,RGB-LWIR,0.517,No,RGB-LWIR
755,200,post-sunset,4,RGB-LWIR,0.318,No,RGB-LWIR
756,250,post-sunset,4,RGB-LWIR,0.655,No,RGB-LWIR
757,300,post-sunset,4,RGB-LWIR,0.307,No,RGB-LWIR
758,350,post-sunset,4,RGB-LWIR,0.63,No,RGB-LWIR
759,400,post-sunset,4,RGB-LWIR,0.276,No,RGB-LWIR
760,50,pre-sunrise,5,RGB-LWIR,1.0,No,RGB-LWIR
761,100,pre-sunrise,5,RGB-LWIR,0.251,No,RGB-LWIR
762,150,pre-sunrise,5,RGB-LWIR,0.629,No,RGB-LWIR
763,200,pre-sunrise,5,RGB-LWIR,0.0,No,RGB-LWIR
764,250,pre-sunrise,5,RGB-LWIR,0.067,No,RGB-LWIR
765,300,pre-sunrise,5,RGB-LWIR,0.307,No,RGB-LWIR
766,350,pre-sunrise,5,RGB-LWIR,0.123,No,RGB-LWIR
767,400,pre-sunrise,5,RGB-LWIR,0.0,No,RGB-LWIR
768,50,post-sunrise,5,RGB-LWIR,0.549,No,RGB-LWIR
769,100,post-sunrise,5,RGB-LWIR,0.672,No,RGB-LWIR
770,150,post-sunrise,5,RGB-LWIR,0.672,No,RGB-LWIR
771,200,post-sunrise,5,RGB-LWIR,0.872,No,RGB-LWIR
772,250,post-sunrise,5,RGB-LWIR,0.63,No,RGB-LWIR
773,300,post-sunrise,5,RGB-LWIR,0.0,No,RGB-LWIR
774,350,post-sunrise,5,RGB-LWIR,0.205,No,RGB-LWIR
775,400,post-sunrise,5,RGB-LWIR,0.247,No,RGB-LWIR
776,50,noon,5,RGB-LWIR,0.703,No,RGB-LWIR
777,100,noon,5,RGB-LWIR,0.999,No,RGB-LWIR
778,150,noon,5,RGB-LWIR,0.668,No,RGB-LWIR
779,200,noon,5,RGB-LWIR,0.813,No,RGB-LWIR
780,250,noon,5,RGB-LWIR,0.057,No,RGB-LWIR
781,300,noon,5,RGB-LWIR,0.42,No,RGB-LWIR
782,350,noon,5,RGB-LWIR,0.135,No,RGB-LWIR
783,400,noon,5,RGB-LWIR,0.213,No,RGB-LWIR
784,50,pre-sunset,5,RGB-LWIR,0.671,No,RGB-LWIR
785,100,pre-sunset,5,RGB-LWIR,0.949,No,RGB-LWIR
786,150,pre-sunset,5,RGB-LWIR,0.684,No,RGB-LWIR
787,200,pre-sunset,5,RGB-LWIR,0.749,No,RGB-LWIR
788,250,pre-sunset,5,RGB-LWIR,0.535,No,RGB-LWIR
789,300,pre-sunset,5,RGB-LWIR,0.507,No,RGB-LWIR
790,350,pre-sunset,5,RGB-LWIR,0.402,No,RGB-LWIR
791,400,pre-sunset,5,RGB-LWIR,0.293,No,RGB-LWIR
792,50,post-sunset,5,RGB-LWIR,0.838,No,RGB-LWIR
793,100,post-sunset,5,RGB-LWIR,1.0,No,RGB-LWIR
794,150,post-sunset,5,RGB-LWIR,0.538,No,RGB-LWIR
795,200,post-sunset,5,RGB-LWIR,0.487,No,RGB-LWIR
796,250,post-sunset,5,RGB-LWIR,0.405,No,RGB-LWIR
797,300,post-sunset,5,RGB-LWIR,0.352,No,RGB-LWIR
798,350,post-sunset,5,RGB-LWIR,0.538,No,RGB-LWIR
799,400,post-sunset,5,RGB-LWIR,0.12,No,RGB-LWIR
800,50,pre-sunrise,1,RGB,0.0,No,RGB
801,100,pre-sunrise,1,RGB,0.669,No,RGB
802,150,pre-sunrise,1,RGB,0.505,No,RGB
803,200,pre-sunrise,1,RGB,0.434,No,RGB
804,250,pre-sunrise,1,RGB,0.0,No,RGB
805,300,pre-sunrise,1,RGB,0.101,No,RGB
806,350,pre-sunrise,1,RGB,0.172,No,RGB
807,400,pre-sunrise,1,RGB,0.0,No,RGB
808,50,post-sunrise,1,RGB,0.999,No,RGB
809,100,post-sunrise,1,RGB,1.0,No,RGB
810,150,post-sunrise,1,RGB,0.997,No,RGB
811,200,post-sunrise,1,RGB,0.993,No,RGB
812,250,post-sunrise,1,RGB,0.842,No,RGB
813,300,post-sunrise,1,RGB,0.362,No,RGB
814,350,post-sunrise,1,RGB,0.291,No,RGB
815,400,post-sunrise,1,RGB,0.234,No,RGB
816,50,noon,1,RGB,0.732,No,RGB
817,100,noon,1,RGB,0.819,No,RGB
818,150,noon,1,RGB,0.924,No,RGB
819,200,noon,1,RGB,0.96,No,RGB
820,250,noon,1,RGB,0.75,No,RGB
821,300,noon,1,RGB,0.67,No,RGB
822,350,noon,1,RGB,0.636,No,RGB
823,400,noon,1,RGB,0.474,No,RGB
824,50,pre-sunset,1,RGB,0.783,No,RGB
825,100,pre-sunset,1,RGB,0.862,No,RGB
826,150,pre-sunset,1,RGB,1.0,No,RGB
827,200,pre-sunset,1,RGB,0.857,No,RGB
828,250,pre-sunset,1,RGB,0.62,No,RGB
829,300,pre-sunset,1,RGB,0.79,No,RGB
830,350,pre-sunset,1,RGB,0.686,No,RGB
831,400,pre-sunset,1,RGB,0.401,No,RGB
832,50,post-sunset,1,RGB,0.505,No,RGB
833,100,post-sunset,1,RGB,0.863,No,RGB
834,150,post-sunset,1,RGB,0.449,No,RGB
835,200,post-sunset,1,RGB,0.128,No,RGB
836,250,post-sunset,1,RGB,0.443,No,RGB
837,300,post-sunset,1,RGB,0.102,No,RGB
838,350,post-sunset,1,RGB,0.164,No,RGB
839,400,post-sunset,1,RGB,0.014,No,RGB
840,50,pre-sunrise,2,RGB,0.505,No,RGB
841,100,pre-sunrise,2,RGB,1.0,No,RGB
842,150,pre-sunrise,2,RGB,1.0,No,RGB
843,200,pre-sunrise,2,RGB,0.434,No,RGB
844,250,pre-sunrise,2,RGB,0.0,No,RGB
845,300,pre-sunrise,2,RGB,0.805,No,RGB
846,350,pre-sunrise,2,RGB,0.095,No,RGB
847,400,pre-sunrise,2,RGB,0.0,No,RGB
848,50,post-sunrise,2,RGB,1.0,No,RGB
849,100,post-sunrise,2,RGB,0.998,No,RGB
850,150,post-sunrise,2,RGB,0.998,No,RGB
851,200,post-sunrise,2,RGB,0.959,No,RGB
852,250,post-sunrise,2,RGB,1.0,No,RGB
853,300,post-sunrise,2,RGB,0.672,No,RGB
854,350,post-sunrise,2,RGB,0.405,No,RGB
855,400,post-sunrise,2,RGB,0.561,No,RGB
856,50,noon,2,RGB,0.823,No,RGB
857,100,noon,2,RGB,1.0,No,RGB
858,150,noon,2,RGB,1.0,No,RGB
859,200,noon,2,RGB,0.826,No,RGB
860,250,noon,2,RGB,0.869,No,RGB
861,300,noon,2,RGB,0.631,No,RGB
862,350,noon,2,RGB,0.757,No,RGB
863,400,noon,2,RGB,0.411,No,RGB
864,50,pre-sunset,2,RGB,0.689,No,RGB
865,100,pre-sunset,2,RGB,0.829,No,RGB
866,150,pre-sunset,2,RGB,0.999,No,RGB
867,200,pre-sunset,2,RGB,0.892,No,RGB
868,250,pre-sunset,2,RGB,0.747,No,RGB
869,300,pre-sunset,2,RGB,0.689,No,RGB
870,350,pre-sunset,2,RGB,0.559,No,RGB
871,400,pre-sunset,2,RGB,0.412,No,RGB
872,50,post-sunset,2,RGB,0.884,No,RGB
873,100,post-sunset,2,RGB,1.0,No,RGB
874,150,post-sunset,2,RGB,0.999,No,RGB
875,200,post-sunset,2,RGB,0.424,No,RGB
876,250,post-sunset,2,RGB,0.338,No,RGB
877,300,post-sunset,2,RGB,0.219,No,RGB
878,350,post-sunset,2,RGB,0.15,No,RGB
879,400,post-sunset,2,RGB,0.172,No,RGB
880,50,pre-sunrise,3,RGB,0.672,No,RGB
881,100,pre-sunrise,3,RGB,0.247,No,RGB
882,150,pre-sunrise,3,RGB,0.255,No,RGB
883,200,pre-sunrise,3,RGB,0.576,No,RGB
884,250,pre-sunrise,3,RGB,0.0,No,RGB
885,300,pre-sunrise,3,RGB,0.434,No,RGB
886,350,pre-sunrise,3,RGB,0.116,No,RGB
887,400,pre-sunrise,3,RGB,0.0,No,RGB
888,50,post-sunrise,3,RGB,0.998,No,RGB
889,100,post-sunrise,3,RGB,1.0,No,RGB
890,150,post-sunrise,3,RGB,0.999,No,RGB
891,200,post-sunrise,3,RGB,0.847,No,RGB
892,250,post-sunrise,3,RGB,0.661,No,RGB
893,300,post-sunrise,3,RGB,0.914,No,RGB
894,350,post-sunrise,3,RGB,0.315,No,RGB
895,400,post-sunrise,3,RGB,0.201,No,RGB
896,50,noon,3,RGB,0.46,No,RGB
897,100,noon,3,RGB,0.914,No,RGB
898,150,noon,3,RGB,0.908,No,RGB
899,200,noon,3,RGB,0.869,No,RGB
900,250,noon,3,RGB,0.869,No,RGB
901,300,noon,3,RGB,0.631,No,RGB
902,350,noon,3,RGB,0.468,No,RGB
903,400,noon,3,RGB,0.318,No,RGB
904,50,pre-sunset,3,RGB,0.769,No,RGB
905,100,pre-sunset,3,RGB,0.918,No,RGB
906,150,pre-sunset,3,RGB,0.853,No,RGB
907,200,pre-sunset,3,RGB,0.801,No,RGB
908,250,pre-sunset,3,RGB,0.731,No,RGB
909,300,pre-sunset,3,RGB,0.753,No,RGB
910,350,pre-sunset,3,RGB,0.468,No,RGB
911,400,pre-sunset,3,RGB,0.411,No,RGB
912,50,post-sunset,3,RGB,0.502,No,RGB
913,100,post-sunset,3,RGB,0.862,No,RGB
914,150,post-sunset,3,RGB,0.788,No,RGB
915,200,post-sunset,3,RGB,0.368,No,RGB
916,250,post-sunset,3,RGB,0.485,No,RGB
917,300,post-sunset,3,RGB,0.124,No,RGB
918,350,post-sunset,3,RGB,0.078,No,RGB
919,400,post-sunset,3,RGB,0.172,No,RGB
920,50,pre-sunrise,4,RGB,0.998,No,RGB
921,100,pre-sunrise,4,RGB,0.247,No,RGB
922,150,pre-sunrise,4,RGB,0.255,No,RGB
923,200,pre-sunrise,4,RGB,0.576,No,RGB
924,250,pre-sunrise,4,RGB,0.0,No,RGB
925,300,pre-sunrise,4,RGB,0.073,No,RGB
926,350,pre-sunrise,4,RGB,0.116,No,RGB
927,400,pre-sunrise,4,RGB,0.0,No,RGB
928,50,post-sunrise,4,RGB,1.0,No,RGB
929,100,post-sunrise,4,RGB,0.809,No,RGB
930,150,post-sunrise,4,RGB,0.999,No,RGB
931,200,post-sunrise,4,RGB,0.763,No,RGB
932,250,post-sunrise,4,RGB,1.0,No,RGB
933,300,post-sunrise,4,RGB,0.505,No,RGB
934,350,post-sunrise,4,RGB,0.672,No,RGB
935,400,post-sunrise,4,RGB,0.311,No,RGB
936,50,noon,4,RGB,0.543,No,RGB
937,100,noon,4,RGB,0.838,No,RGB
938,150,noon,4,RGB,0.608,No,RGB
939,200,noon,4,RGB,0.938,No,RGB
940,250,noon,4,RGB,0.728,No,RGB
941,300,noon,4,RGB,0.624,No,RGB
942,350,noon,4,RGB,0.283,No,RGB
943,400,noon,4,RGB,0.357,No,RGB
944,50,pre-sunset,4,RGB,1.0,No,RGB
945,100,pre-sunset,4,RGB,0.78,No,RGB
946,150,pre-sunset,4,RGB,0.959,No,RGB
947,200,pre-sunset,4,RGB,0.849,No,RGB
948,250,pre-sunset,4,RGB,0.731,No,RGB
949,300,pre-sunset,4,RGB,0.753,No,RGB
950,350,pre-sunset,4,RGB,0.494,No,RGB
951,400,pre-sunset,4,RGB,0.443,No,RGB
952,50,post-sunset,4,RGB,0.821,No,RGB
953,100,post-sunset,4,RGB,0.546,No,RGB
954,150,post-sunset,4,RGB,0.788,No,RGB
955,200,post-sunset,4,RGB,0.719,No,RGB
956,250,post-sunset,4,RGB,0.242,No,RGB
957,300,post-sunset,4,RGB,0.113,No,RGB
958,350,post-sunset,4,RGB,0.0,No,RGB
959,400,post-sunset,4,RGB,0.112,No,RGB
960,50,pre-sunrise,5,RGB,0.998,No,RGB
961,100,pre-sunrise,5,RGB,0.505,No,RGB
962,150,pre-sunrise,5,RGB,0.19,No,RGB
963,200,pre-sunrise,5,RGB,0.505,No,RGB
964,250,pre-sunrise,5,RGB,0.672,No,RGB
965,300,pre-sunrise,5,RGB,0.084,No,RGB
966,350,pre-sunrise,5,RGB,0.148,No,RGB
967,400,pre-sunrise,5,RGB,0.219,No,RGB
968,50,post-sunrise,5,RGB,0.6,No,RGB
969,100,post-sunrise,5,RGB,1.0,No,RGB
970,150,post-sunrise,5,RGB,1.0,No,RGB
971,200,post-sunrise,5,RGB,1.0,No,RGB
972,250,post-sunrise,5,RGB,0.738,No,RGB
973,300,post-sunrise,5,RGB,0.38,No,RGB
974,350,post-sunrise,5,RGB,0.203,No,RGB
975,400,post-sunrise,5,RGB,0.217,No,RGB
976,50,noon,5,RGB,0.774,No,RGB
977,100,noon,5,RGB,0.862,No,RGB
978,150,noon,5,RGB,0.919,No,RGB
979,200,noon,5,RGB,0.949,No,RGB
980,250,noon,5,RGB,0.703,No,RGB
981,300,noon,5,RGB,0.79,No,RGB
982,350,noon,5,RGB,0.627,No,RGB
983,400,noon,5,RGB,0.324,No,RGB
984,50,pre-sunset,5,RGB,0.705,No,RGB
985,100,pre-sunset,5,RGB,0.949,No,RGB
986,150,pre-sunset,5,RGB,0.999,No,RGB
987,200,pre-sunset,5,RGB,0.836,No,RGB
988,250,pre-sunset,5,RGB,0.654,No,RGB
989,300,pre-sunset,5,RGB,0.682,No,RGB
990,350,pre-sunset,5,RGB,0.582,No,RGB
991,400,pre-sunset,5,RGB,0.466,No,RGB
992,50,post-sunset,5,RGB,0.821,No,RGB
993,100,post-sunset,5,RGB,0.861,No,RGB
994,150,post-sunset,5,RGB,0.63,No,RGB
995,200,post-sunset,5,RGB,0.169,No,RGB
996,250,post-sunset,5,RGB,0.426,No,RGB
997,300,post-sunset,5,RGB,0.24,No,RGB
998,350,post-sunset,5,RGB,0.0,No,RGB
999,400,post-sunset,5,RGB,0.086,No,RGB
1000,50,pre-sunrise,1,LWIR,0.0,No,LWIR
1001,100,pre-sunrise,1,LWIR,1.0,No,LWIR
1002,150,pre-sunrise,1,LWIR,1.0,No,LWIR
1003,200,pre-sunrise,1,LWIR,0.279,No,LWIR
1004,250,pre-sunrise,1,LWIR,0.0,No,LWIR
1005,300,pre-sunrise,1,LWIR,0.0,No,LWIR
1006,350,pre-sunrise,1,LWIR,0.0,No,LWIR
1007,400,pre-sunrise,1,LWIR,0.0,No,LWIR
1008,50,post-sunrise,1,LWIR,0.672,No,LWIR
1009,100,post-sunrise,1,LWIR,0.0,No,LWIR
1010,150,post-sunrise,1,LWIR,0.058,No,LWIR
1011,200,post-sunrise,1,LWIR,0.4,No,LWIR
1012,250,post-sunrise,1,LWIR,0.0,No,LWIR
1013,300,post-sunrise,1,LWIR,0.0,No,LWIR
1014,350,post-sunrise,1,LWIR,0.0,No,LWIR
1015,400,post-sunrise,1,LWIR,0.0,No,LWIR
1016,50,noon,1,LWIR,0.444,No,LWIR
1017,100,noon,1,LWIR,0.704,No,LWIR
1018,150,noon,1,LWIR,0.728,No,LWIR
1019,200,noon,1,LWIR,0.809,No,LWIR
1020,250,noon,1,LWIR,0.338,No,LWIR
1021,300,noon,1,LWIR,0.161,No,LWIR
1022,350,noon,1,LWIR,0.311,No,LWIR
1023,400,noon,1,LWIR,0.11,No,LWIR
1024,50,pre-sunset,1,LWIR,0.755,No,LWIR
1025,100,pre-sunset,1,LWIR,0.88,No,LWIR
1026,150,pre-sunset,1,LWIR,0.773,No,LWIR
1027,200,pre-sunset,1,LWIR,0.658,No,LWIR
1028,250,pre-sunset,1,LWIR,0.299,No,LWIR
1029,300,pre-sunset,1,LWIR,0.467,No,LWIR
1030,350,pre-sunset,1,LWIR,0.36,No,LWIR
1031,400,pre-sunset,1,LWIR,0.17,No,LWIR
1032,50,post-sunset,1,LWIR,0.168,No,LWIR
1033,100,post-sunset,1,LWIR,1.0,No,LWIR
1034,150,post-sunset,1,LWIR,0.671,No,LWIR
1035,200,post-sunset,1,LWIR,0.695,No,LWIR
1036,250,post-sunset,1,LWIR,0.445,No,LWIR
1037,300,post-sunset,1,LWIR,0.491,No,LWIR
1038,350,post-sunset,1,LWIR,0.418,No,LWIR
1039,400,post-sunset,1,LWIR,0.364,No,LWIR
1040,50,pre-sunrise,2,LWIR,0.0,No,LWIR
1041,100,pre-sunrise,2,LWIR,0.605,No,LWIR
1042,150,pre-sunrise,2,LWIR,0.998,No,LWIR
1043,200,pre-sunrise,2,LWIR,0.434,No,LWIR
1044,250,pre-sunrise,2,LWIR,0.0,No,LWIR
1045,300,pre-sunrise,2,LWIR,0.0,No,LWIR
1046,350,pre-sunrise,2,LWIR,0.055,No,LWIR
1047,400,pre-sunrise,2,LWIR,0.0,No,LWIR
1048,50,post-sunrise,2,LWIR,0.0,No,LWIR
1049,100,post-sunrise,2,LWIR,0.057,No,LWIR
1050,150,post-sunrise,2,LWIR,0.338,No,LWIR
1051,200,post-sunrise,2,LWIR,0.576,No,LWIR
1052,250,post-sunrise,2,LWIR,0.338,No,LWIR
1053,300,post-sunrise,2,LWIR,0.0,No,LWIR
1054,350,post-sunrise,2,LWIR,0.0,No,LWIR
1055,400,post-sunrise,2,LWIR,0.0,No,LWIR
1056,50,noon,2,LWIR,0.444,No,LWIR
1057,100,noon,2,LWIR,0.67,No,LWIR
1058,150,noon,2,LWIR,0.728,No,LWIR
1059,200,noon,2,LWIR,0.809,No,LWIR
1060,250,noon,2,LWIR,0.381,No,LWIR
1061,300,noon,2,LWIR,0.275,No,LWIR
1062,350,noon,2,LWIR,0.259,No,LWIR
1063,400,noon,2,LWIR,0.154,No,LWIR
1064,50,pre-sunset,2,LWIR,0.871,No,LWIR
1065,100,pre-sunset,2,LWIR,0.755,No,LWIR
1066,150,pre-sunset,2,LWIR,0.791,No,LWIR
1067,200,pre-sunset,2,LWIR,0.719,No,LWIR
1068,250,pre-sunset,2,LWIR,0.299,No,LWIR
1069,300,pre-sunset,2,LWIR,0.265,No,LWIR
1070,350,pre-sunset,2,LWIR,0.325,No,LWIR
1071,400,pre-sunset,2,LWIR,0.191,No,LWIR
1072,50,post-sunset,2,LWIR,0.636,No,LWIR
1073,100,post-sunset,2,LWIR,1.0,No,LWIR
1074,150,post-sunset,2,LWIR,0.982,No,LWIR
1075,200,post-sunset,2,LWIR,0.695,No,LWIR
1076,250,post-sunset,2,LWIR,0.307,No,LWIR
1077,300,post-sunset,2,LWIR,0.272,No,LWIR
1078,350,post-sunset,2,LWIR,0.276,No,LWIR
1079,400,post-sunset,2,LWIR,0.41,No,LWIR
1080,50,pre-sunrise,3,LWIR,0.672,No,LWIR
1081,100,pre-sunrise,3,LWIR,0.752,No,LWIR
1082,150,pre-sunrise,3,LWIR,0.338,No,LWIR
1083,200,pre-sunrise,3,LWIR,0.431,No,LWIR
1084,250,pre-sunrise,3,LWIR,0.0,No,LWIR
1085,300,pre-sunrise,3,LWIR,0.0,No,LWIR
1086,350,pre-sunrise,3,LWIR,0.039,No,LWIR
1087,400,pre-sunrise,3,LWIR,0.0,No,LWIR
1088,50,post-sunrise,3,LWIR,0.0,No,LWIR
1089,100,post-sunrise,3,LWIR,0.057,No,LWIR
1090,150,post-sunrise,3,LWIR,0.0,No,LWIR
1091,200,post-sunrise,3,LWIR,0.576,No,LWIR
1092,250,post-sunrise,3,LWIR,0.0,No,LWIR
1093,300,post-sunrise,3,LWIR,0.0,No,LWIR
1094,350,post-sunrise,3,LWIR,0.0,No,LWIR
1095,400,post-sunrise,3,LWIR,0.0,No,LWIR
1096,50,noon,3,LWIR,0.422,No,LWIR
1097,100,noon,3,LWIR,0.276,No,LWIR
1098,150,noon,3,LWIR,0.288,No,LWIR
1099,200,noon,3,LWIR,0.769,No,LWIR
1100,250,noon,3,LWIR,0.34,No,LWIR
1101,300,noon,3,LWIR,0.275,No,LWIR
1102,350,noon,3,LWIR,0.049,No,LWIR
1103,400,noon,3,LWIR,0.474,No,LWIR
1104,50,pre-sunset,3,LWIR,0.871,No,LWIR
1105,100,pre-sunset,3,LWIR,0.815,No,LWIR
1106,150,pre-sunset,3,LWIR,0.746,No,LWIR
1107,200,pre-sunset,3,LWIR,0.814,No,LWIR
1108,250,pre-sunset,3,LWIR,0.299,No,LWIR
1109,300,pre-sunset,3,LWIR,0.283,No,LWIR
1110,350,pre-sunset,3,LWIR,0.32,No,LWIR
1111,400,pre-sunset,3,LWIR,0.204,No,LWIR
1112,50,post-sunset,3,LWIR,0.752,No,LWIR
1113,100,post-sunset,3,LWIR,0.862,No,LWIR
1114,150,post-sunset,3,LWIR,0.805,No,LWIR
1115,200,post-sunset,3,LWIR,0.417,No,LWIR
1116,250,post-sunset,3,LWIR,0.955,No,LWIR
1117,300,post-sunset,3,LWIR,0.272,No,LWIR
1118,350,post-sunset,3,LWIR,0.231,No,LWIR
1119,400,post-sunset,3,LWIR,0.231,No,LWIR
1120,50,pre-sunrise,4,LWIR,0.0,No,LWIR
1121,100,pre-sunrise,4,LWIR,0.0,No,LWIR
1122,150,pre-sunrise,4,LWIR,0.338,No,LWIR
1123,200,pre-sunrise,4,LWIR,0.431,No,LWIR
1124,250,pre-sunrise,4,LWIR,0.0,No,LWIR
1125,300,pre-sunrise,4,LWIR,0.0,No,LWIR
1126,350,pre-sunrise,4,LWIR,0.0,No,LWIR
1127,400,pre-sunrise,4,LWIR,0.0,No,LWIR
1128,50,post-sunrise,4,LWIR,0.0,No,LWIR
1129,100,post-sunrise,4,LWIR,0.338,No,LWIR
1130,150,post-sunrise,4,LWIR,0.338,No,LWIR
1131,200,post-sunrise,4,LWIR,0.0,No,LWIR
1132,250,post-sunrise,4,LWIR,0.252,No,LWIR
1133,300,post-sunrise,4,LWIR,0.146,No,LWIR
1134,350,post-sunrise,4,LWIR,0.205,No,LWIR
1135,400,post-sunrise,4,LWIR,0.0,No,LWIR
1136,50,noon,4,LWIR,0.422,No,LWIR
1137,100,noon,4,LWIR,0.469,No,LWIR
1138,150,noon,4,LWIR,0.449,No,LWIR
1139,200,noon,4,LWIR,0.388,No,LWIR
1140,250,noon,4,LWIR,0.299,No,LWIR
1141,300,noon,4,LWIR,0.214,No,LWIR
1142,350,noon,4,LWIR,0.221,No,LWIR
1143,400,noon,4,LWIR,0.474,No,LWIR
1144,50,pre-sunset,4,LWIR,0.903,No,LWIR
1145,100,pre-sunset,4,LWIR,0.833,No,LWIR
1146,150,pre-sunset,4,LWIR,0.798,No,LWIR
1147,200,pre-sunset,4,LWIR,0.731,No,LWIR
1148,250,pre-sunset,4,LWIR,0.548,No,LWIR
1149,300,pre-sunset,4,LWIR,0.396,No,LWIR
1150,350,pre-sunset,4,LWIR,0.277,No,LWIR
1151,400,pre-sunset,4,LWIR,0.229,No,LWIR
1152,50,post-sunset,4,LWIR,0.752,No,LWIR
1153,100,post-sunset,4,LWIR,0.838,No,LWIR
1154,150,post-sunset,4,LWIR,0.632,No,LWIR
1155,200,post-sunset,4,LWIR,0.417,No,LWIR
1156,250,post-sunset,4,LWIR,0.775,No,LWIR
1157,300,post-sunset,4,LWIR,0.252,No,LWIR
1158,350,post-sunset,4,LWIR,0.739,No,LWIR
1159,400,post-sunset,4,LWIR,0.338,No,LWIR
1160,50,pre-sunrise,5,LWIR,0.0,No,LWIR
1161,100,pre-sunrise,5,LWIR,0.505,No,LWIR
1162,150,pre-sunrise,5,LWIR,0.058,No,LWIR
1163,200,pre-sunrise,5,LWIR,0.0,No,LWIR
1164,250,pre-sunrise,5,LWIR,0.0,No,LWIR
1165,300,pre-sunrise,5,LWIR,0.0,No,LWIR
1166,350,pre-sunrise,5,LWIR,0.057,No,LWIR
1167,400,pre-sunrise,5,LWIR,0.0,No,LWIR
1168,50,post-sunrise,5,LWIR,0.0,No,LWIR
1169,100,post-sunrise,5,LWIR,0.338,No,LWIR
1170,150,post-sunrise,5,LWIR,0.0,No,LWIR
1171,200,post-sunrise,5,LWIR,0.252,No,LWIR
1172,250,post-sunrise,5,LWIR,0.0,No,LWIR
1173,300,post-sunrise,5,LWIR,0.291,No,LWIR
1174,350,post-sunrise,5,LWIR,0.0,No,LWIR
1175,400,post-sunrise,5,LWIR,0.0,No,LWIR
1176,50,noon,5,LWIR,0.672,No,LWIR
1177,100,noon,5,LWIR,0.838,No,LWIR
1178,150,noon,5,LWIR,0.628,No,LWIR
1179,200,noon,5,LWIR,0.409,No,LWIR
1180,250,noon,5,LWIR,0.299,No,LWIR
1181,300,noon,5,LWIR,0.386,No,LWIR
1182,350,noon,5,LWIR,0.282,No,LWIR
1183,400,noon,5,LWIR,0.022,No,LWIR
1184,50,pre-sunset,5,LWIR,0.804,No,LWIR
1185,100,pre-sunset,5,LWIR,0.833,No,LWIR
1186,150,pre-sunset,5,LWIR,0.805,No,LWIR
1187,200,pre-sunset,5,LWIR,0.778,No,LWIR
1188,250,pre-sunset,5,LWIR,0.645,No,LWIR
1189,300,pre-sunset,5,LWIR,0.49,No,LWIR
1190,350,pre-sunset,5,LWIR,0.439,No,LWIR
1191,400,pre-sunset,5,LWIR,0.291,No,LWIR
1192,50,post-sunset,5,LWIR,1.0,No,LWIR
1193,100,post-sunset,5,LWIR,0.947,No,LWIR
1194,150,post-sunset,5,LWIR,0.491,No,LWIR
1195,200,post-sunset,5,LWIR,0.343,No,LWIR
1196,250,post-sunset,5,LWIR,0.523,No,LWIR
1197,300,post-sunset,5,LWIR,0.252,No,LWIR
1198,350,post-sunset,5,LWIR,0.538,No,LWIR
1199,400,post-sunset,5,LWIR,0.181,No,LWIR
