,Entity,Code,Year,yearly_launches,Decade,Region
0,Algeria,DZA,2002,1,2000 - 2010,Africa
1,Algeria,DZA,2010,1,2010 - 2022,Africa
2,Algeria,DZA,2016,3,2010 - 2022,Africa
3,Algeria,DZA,2017,1,2010 - 2022,Africa
4,Angola,AGO,2017,1,2010 - 2022,Africa
5,Angola,AGO,2022,1,2010 - 2022,Africa
6,Arabsat,,1985,2,1980 - 1990,Asia
7,Arabsat,,1992,1,1990 - 2000,Asia
8,Arabsat,,1996,2,1990 - 2000,Asia
9,Arabsat,,1999,1,1990 - 2000,Asia
10,Arabsat,,2006,2,2000 - 2010,Asia
11,Arabsat,,2008,1,2000 - 2010,Asia
12,Arabsat,,2010,2,2010 - 2022,Asia
13,Arabsat,,2011,1,2010 - 2022,Asia
14,Arabsat,,2015,1,2010 - 2022,Asia
15,Arabsat,,2019,1,2010 - 2022,Asia
16,Argentina,ARG,1990,1,1990 - 2000,Americas
17,Argentina,ARG,1996,3,1990 - 2000,Americas
18,Argentina,ARG,1997,1,1990 - 2000,Americas
19,Argentina,ARG,1998,1,1990 - 2000,Americas
20,Argentina,ARG,2000,2,2000 - 2010,Americas
21,Argentina,ARG,2002,2,2000 - 2010,Americas
22,Argentina,ARG,2007,1,2000 - 2010,Americas
23,Argentina,ARG,2011,1,2010 - 2022,Americas
24,Argentina,ARG,2013,2,2010 - 2022,Americas
25,Argentina,ARG,2014,2,2010 - 2022,Americas
26,Argentina,ARG,2015,1,2010 - 2022,Americas
27,Argentina,ARG,2018,1,2010 - 2022,Americas
28,Argentina,ARG,2020,1,2010 - 2022,Americas
29,Argentina,ARG,2021,1,2010 - 2022,Americas
30,Armenia,ARM,2022,1,2010 - 2022,Europe
31,Australia,AUS,1967,1,1958 - 1970,Others
32,Australia,AUS,1970,1,1970 - 1980,Others
33,Australia,AUS,1985,2,1980 - 1990,Others
34,Australia,AUS,1987,1,1980 - 1990,Others
35,Australia,AUS,1990,1,1990 - 2000,Others
36,Australia,AUS,1992,2,1990 - 2000,Others
37,Australia,AUS,1994,1,1990 - 2000,Others
38,Australia,AUS,1998,1,1990 - 2000,Others
39,Australia,AUS,2002,1,2000 - 2010,Others
40,Australia,AUS,2003,1,2000 - 2010,Others
41,Australia,AUS,2006,1,2000 - 2010,Others
42,Australia,AUS,2007,1,2000 - 2010,Others
43,Australia,AUS,2009,1,2000 - 2010,Others
44,Australia,AUS,2014,1,2010 - 2022,Others
45,Australia,AUS,2015,1,2010 - 2022,Others
46,Australia,AUS,2016,1,2010 - 2022,Others
47,Australia,AUS,2017,1,2010 - 2022,Others
48,Australia,AUS,2018,6,2010 - 2022,Others
49,Australia,AUS,2019,1,2010 - 2022,Others
50,Australia,AUS,2020,3,2010 - 2022,Others
51,Australia,AUS,2021,7,2010 - 2022,Others
52,Austria,AUT,2013,2,2010 - 2022,Europe
53,Austria,AUT,2017,1,2010 - 2022,Europe
54,Azerbaijan,AZE,2013,1,2010 - 2022,Europe
55,Azerbaijan,AZE,2014,1,2010 - 2022,Europe
56,Azerbaijan,AZE,2018,1,2010 - 2022,Europe
57,Bangladesh,BGD,2017,1,2010 - 2022,Asia
58,Bangladesh,BGD,2018,1,2010 - 2022,Asia
59,Belarus,BLR,2012,1,2010 - 2022,Europe
60,Belarus,BLR,2016,1,2010 - 2022,Europe
61,Belarus,BLR,2018,1,2010 - 2022,Europe
62,Belgium,BEL,2014,3,2010 - 2022,Europe
63,Belgium,BEL,2016,1,2010 - 2022,Europe
64,Belgium,BEL,2017,28,2010 - 2022,Europe
65,Belgium,BEL,2020,3,2010 - 2022,Europe
66,Belgium,BEL,2021,1,2010 - 2022,Europe
67,Bhutan,BTN,2018,1,2010 - 2022,Asia
68,Bolivia,BOL,2013,1,2010 - 2022,Americas
69,Brazil,BRA,1985,1,1980 - 1990,Americas
70,Brazil,BRA,1986,1,1980 - 1990,Americas
71,Brazil,BRA,1990,1,1990 - 2000,Americas
72,Brazil,BRA,1993,1,1990 - 2000,Americas
73,Brazil,BRA,1994,1,1990 - 2000,Americas
74,Brazil,BRA,1995,1,1990 - 2000,Americas
75,Brazil,BRA,1998,2,1990 - 2000,Americas
76,Brazil,BRA,1999,4,1990 - 2000,Americas
77,Brazil,BRA,2000,1,2000 - 2010,Americas
78,Brazil,BRA,2004,2,2000 - 2010,Americas
79,Brazil,BRA,2007,1,2000 - 2010,Americas
80,Brazil,BRA,2008,1,2000 - 2010,Americas
81,Brazil,BRA,2009,1,2000 - 2010,Americas
82,Brazil,BRA,2011,1,2010 - 2022,Americas
83,Brazil,BRA,2012,1,2010 - 2022,Americas
84,Brazil,BRA,2013,1,2010 - 2022,Americas
85,Brazil,BRA,2014,2,2010 - 2022,Americas
86,Brazil,BRA,2015,3,2010 - 2022,Americas
87,Brazil,BRA,2016,1,2010 - 2022,Americas
88,Brazil,BRA,2017,4,2010 - 2022,Americas
89,Brazil,BRA,2018,3,2010 - 2022,Americas
90,Brazil,BRA,2019,2,2010 - 2022,Americas
91,Brazil,BRA,2021,3,2010 - 2022,Americas
92,Brazil,BRA,2022,1,2010 - 2022,Americas
93,Bulgaria,BGR,2017,1,2010 - 2022,Europe
94,Bulgaria,BGR,2018,1,2010 - 2022,Europe
95,Bulgaria,BGR,2021,1,2010 - 2022,Europe
96,Bulgaria,BGR,2022,1,2010 - 2022,Europe
97,Canada,CAN,1962,1,1958 - 1970,Americas
98,Canada,CAN,1965,1,1958 - 1970,Americas
99,Canada,CAN,1969,1,1958 - 1970,Americas
100,Canada,CAN,1971,1,1970 - 1980,Americas
101,Canada,CAN,1972,2,1970 - 1980,Americas
102,Canada,CAN,1973,2,1970 - 1980,Americas
103,Canada,CAN,1975,1,1970 - 1980,Americas
104,Canada,CAN,1976,1,1970 - 1980,Americas
105,Canada,CAN,1978,1,1970 - 1980,Americas
106,Canada,CAN,1982,2,1980 - 1990,Americas
107,Canada,CAN,1983,1,1980 - 1990,Americas
108,Canada,CAN,1984,1,1980 - 1990,Americas
109,Canada,CAN,1985,1,1980 - 1990,Americas
110,Canada,CAN,1991,2,1990 - 2000,Americas
111,Canada,CAN,1992,1,1990 - 2000,Americas
112,Canada,CAN,1995,1,1990 - 2000,Americas
113,Canada,CAN,1996,1,1990 - 2000,Americas
114,Canada,CAN,1999,1,1990 - 2000,Americas
115,Canada,CAN,2000,1,2000 - 2010,Americas
116,Canada,CAN,2001,1,2000 - 2010,Americas
117,Canada,CAN,2002,2,2000 - 2010,Americas
118,Canada,CAN,2003,3,2000 - 2010,Americas
119,Canada,CAN,2004,1,2000 - 2010,Americas
120,Canada,CAN,2005,1,2000 - 2010,Americas
121,Canada,CAN,2007,2,2000 - 2010,Americas
122,Canada,CAN,2008,5,2000 - 2010,Americas
123,Canada,CAN,2009,2,2000 - 2010,Americas
124,Canada,CAN,2011,2,2010 - 2022,Americas
125,Canada,CAN,2012,2,2010 - 2022,Americas
126,Canada,CAN,2013,4,2010 - 2022,Americas
127,Canada,CAN,2014,4,2010 - 2022,Americas
128,Canada,CAN,2015,2,2010 - 2022,Americas
129,Canada,CAN,2016,3,2010 - 2022,Americas
130,Canada,CAN,2018,5,2010 - 2022,Americas
131,Canada,CAN,2019,3,2010 - 2022,Americas
132,Canada,CAN,2020,6,2010 - 2022,Americas
133,Canada,CAN,2021,11,2010 - 2022,Americas
134,Canada,CAN,2022,7,2010 - 2022,Americas
135,Chile,CHL,1995,1,1990 - 2000,Americas
136,Chile,CHL,1998,1,1990 - 2000,Americas
137,Chile,CHL,2011,1,2010 - 2022,Americas
138,Chile,CHL,2017,1,2010 - 2022,Americas
139,Chile,CHL,2022,3,2010 - 2022,Americas
140,China,CHN,1970,1,1970 - 1980,Asia
141,China,CHN,1971,1,1970 - 1980,Asia
142,China,CHN,1974,1,1970 - 1980,Asia
143,China,CHN,1975,3,1970 - 1980,Asia
144,China,CHN,1976,2,1970 - 1980,Asia
145,China,CHN,1978,1,1970 - 1980,Asia
146,China,CHN,1981,3,1980 - 1990,Asia
147,China,CHN,1982,1,1980 - 1990,Asia
148,China,CHN,1983,1,1980 - 1990,Asia
149,China,CHN,1984,3,1980 - 1990,Asia
150,China,CHN,1985,1,1980 - 1990,Asia
151,China,CHN,1986,2,1980 - 1990,Asia
152,China,CHN,1987,2,1980 - 1990,Asia
153,China,CHN,1988,4,1980 - 1990,Asia
154,China,CHN,1990,6,1990 - 2000,Asia
155,China,CHN,1991,1,1990 - 2000,Asia
156,China,CHN,1992,2,1990 - 2000,Asia
157,China,CHN,1993,1,1990 - 2000,Asia
158,China,CHN,1994,5,1990 - 2000,Asia
159,China,CHN,1995,1,1990 - 2000,Asia
160,China,CHN,1996,3,1990 - 2000,Asia
161,China,CHN,1997,7,1990 - 2000,Asia
162,China,CHN,1998,10,1990 - 2000,Asia
163,China,CHN,1999,11,1990 - 2000,Asia
164,China,CHN,2000,6,2000 - 2010,Asia
165,China,CHN,2001,2,2000 - 2010,Asia
166,China,CHN,2002,7,2000 - 2010,Asia
167,China,CHN,2003,9,2000 - 2010,Asia
168,China,CHN,2004,11,2000 - 2010,Asia
169,China,CHN,2005,7,2000 - 2010,Asia
170,China,CHN,2006,13,2000 - 2010,Asia
171,China,CHN,2007,10,2000 - 2010,Asia
172,China,CHN,2008,17,2000 - 2010,Asia
173,China,CHN,2009,8,2000 - 2010,Asia
174,China,CHN,2010,20,2010 - 2022,Asia
175,China,CHN,2011,19,2010 - 2022,Asia
176,China,CHN,2012,26,2010 - 2022,Asia
177,China,CHN,2013,19,2010 - 2022,Asia
178,China,CHN,2014,25,2010 - 2022,Asia
179,China,CHN,2015,38,2010 - 2022,Asia
180,China,CHN,2016,38,2010 - 2022,Asia
181,China,CHN,2017,31,2010 - 2022,Asia
182,China,CHN,2018,95,2010 - 2022,Asia
183,China,CHN,2019,82,2010 - 2022,Asia
184,China,CHN,2020,73,2010 - 2022,Asia
185,China,CHN,2021,106,2010 - 2022,Asia
186,China,CHN,2022,131,2010 - 2022,Asia
187,Colombia,COL,2007,1,2000 - 2010,Others
188,Colombia,COL,2018,1,2010 - 2022,Others
189,Costa Rica,CRI,2018,1,2010 - 2022,Americas
190,Czechia,CZE,1978,1,1970 - 1980,Europe
191,Czechia,CZE,1989,1,1980 - 1990,Europe
192,Czechia,CZE,1991,1,1990 - 2000,Europe
193,Czechia,CZE,1995,1,1990 - 2000,Europe
194,Czechia,CZE,1996,1,1990 - 2000,Europe
195,Czechia,CZE,2003,1,2000 - 2010,Europe
196,Czechia,CZE,2019,1,2010 - 2022,Europe
197,Czechia,CZE,2022,2,2010 - 2022,Europe
198,Denmark,DNK,1999,1,1990 - 2000,Europe
199,Denmark,DNK,2003,2,2000 - 2010,Europe
200,Denmark,DNK,2008,1,2000 - 2010,Europe
201,Denmark,DNK,2013,2,2010 - 2022,Europe
202,Denmark,DNK,2014,1,2010 - 2022,Europe
203,Denmark,DNK,2015,1,2010 - 2022,Europe
204,Denmark,DNK,2016,1,2010 - 2022,Europe
205,Denmark,DNK,2018,2,2010 - 2022,Europe
206,Denmark,DNK,2019,1,2010 - 2022,Europe
207,EUMETSAT,,1989,1,1980 - 1990,Others
208,EUMETSAT,,1991,1,1990 - 2000,Others
209,EUMETSAT,,1993,1,1990 - 2000,Others
210,EUMETSAT,,1997,1,1990 - 2000,Others
211,EUMETSAT,,2002,2,2000 - 2010,Others
212,EUMETSAT,,2005,1,2000 - 2010,Others
213,EUMETSAT,,2006,1,2000 - 2010,Others
214,EUMETSAT,,2012,2,2010 - 2022,Others
215,EUMETSAT,,2015,1,2010 - 2022,Others
216,EUMETSAT,,2018,1,2010 - 2022,Others
217,Ecuador,ECU,2013,2,2010 - 2022,Americas
218,Egypt,EGY,1998,1,1990 - 2000,Africa
219,Egypt,EGY,2000,1,2000 - 2010,Africa
220,Egypt,EGY,2007,1,2000 - 2010,Africa
221,Egypt,EGY,2010,1,2010 - 2022,Africa
222,Egypt,EGY,2014,1,2010 - 2022,Africa
223,Egypt,EGY,2019,4,2010 - 2022,Africa
224,Egypt,EGY,2022,1,2010 - 2022,Africa
225,Estonia,EST,2013,1,2010 - 2022,Europe
226,Estonia,EST,2019,1,2010 - 2022,Europe
227,Estonia,EST,2020,1,2010 - 2022,Europe
228,Ethiopia,ETH,2019,1,2010 - 2022,Africa
229,European Space Agency,,1968,5,1958 - 1970,Europe
230,European Space Agency,,1969,2,1958 - 1970,Europe
231,European Space Agency,,1972,6,1970 - 1980,Europe
232,European Space Agency,,1975,2,1970 - 1980,Europe
233,European Space Agency,,1977,1,1970 - 1980,Europe
234,European Space Agency,,1978,2,1970 - 1980,Europe
235,European Space Agency,,1979,1,1970 - 1980,Europe
236,European Space Agency,,1981,3,1980 - 1990,Europe
237,European Space Agency,,1983,2,1980 - 1990,Europe
238,European Space Agency,,1985,1,1980 - 1990,Europe
239,European Space Agency,,1988,2,1980 - 1990,Europe
240,European Space Agency,,1989,2,1980 - 1990,Europe
241,European Space Agency,,1990,2,1990 - 2000,Europe
242,European Space Agency,,1991,1,1990 - 2000,Europe
243,European Space Agency,,1992,1,1990 - 2000,Europe
244,European Space Agency,,1995,3,1990 - 2000,Europe
245,European Space Agency,,1997,3,1990 - 2000,Europe
246,European Space Agency,,1998,1,1990 - 2000,Europe
247,European Space Agency,,1999,1,1990 - 2000,Europe
248,European Space Agency,,2000,4,2000 - 2010,Europe
249,European Space Agency,,2001,2,2000 - 2010,Europe
250,European Space Agency,,2002,4,2000 - 2010,Europe
251,European Space Agency,,2003,3,2000 - 2010,Europe
252,European Space Agency,,2004,2,2000 - 2010,Europe
253,European Space Agency,,2005,6,2000 - 2010,Europe
254,European Space Agency,,2008,3,2000 - 2010,Europe
255,European Space Agency,,2009,5,2000 - 2010,Europe
256,European Space Agency,,2010,1,2010 - 2022,Europe
257,European Space Agency,,2011,3,2010 - 2022,Europe
258,European Space Agency,,2012,3,2010 - 2022,Europe
259,European Space Agency,,2013,6,2010 - 2022,Europe
260,European Space Agency,,2014,2,2010 - 2022,Europe
261,European Space Agency,,2015,3,2010 - 2022,Europe
262,European Space Agency,,2016,4,2010 - 2022,Europe
263,European Space Agency,,2017,2,2010 - 2022,Europe
264,European Space Agency,,2018,4,2010 - 2022,Europe
265,European Space Agency,,2019,2,2010 - 2022,Europe
266,European Space Agency,,2020,2,2010 - 2022,Europe
267,European Union,,2014,2,2010 - 2022,Europe
268,European Union,,2015,6,2010 - 2022,Europe
269,European Union,,2016,6,2010 - 2022,Europe
270,European Union,,2017,4,2010 - 2022,Europe
271,European Union,,2018,4,2010 - 2022,Europe
272,European Union,,2021,2,2010 - 2022,Europe
273,Eutelsat,,1983,1,1980 - 1990,Europe
274,Eutelsat,,1984,1,1980 - 1990,Europe
275,Eutelsat,,1987,1,1980 - 1990,Europe
276,Eutelsat,,1990,1,1990 - 2000,Europe
277,Eutelsat,,1991,2,1990 - 2000,Europe
278,Eutelsat,,1992,1,1990 - 2000,Europe
279,Eutelsat,,1995,1,1990 - 2000,Europe
280,Eutelsat,,1996,1,1990 - 2000,Europe
281,Eutelsat,,1997,1,1990 - 2000,Europe
282,Eutelsat,,1998,3,1990 - 2000,Europe
283,Eutelsat,,1999,1,1990 - 2000,Europe
284,Eutelsat,,2000,3,2000 - 2010,Europe
285,Eutelsat,,2001,2,2000 - 2010,Europe
286,Eutelsat,,2002,3,2000 - 2010,Europe
287,Eutelsat,,2003,1,2000 - 2010,Europe
288,Eutelsat,,2004,1,2000 - 2010,Europe
289,Eutelsat,,2006,2,2000 - 2010,Europe
290,Eutelsat,,2008,2,2000 - 2010,Europe
291,Eutelsat,,2009,3,2000 - 2010,Europe
292,Eutelsat,,2015,1,2010 - 2022,Europe
293,Eutelsat,,2016,1,2010 - 2022,Europe
294,Finland,FIN,2017,1,2010 - 2022,Europe
295,Finland,FIN,2018,4,2010 - 2022,Europe
296,Finland,FIN,2019,2,2010 - 2022,Europe
297,Finland,FIN,2020,2,2010 - 2022,Europe
298,Finland,FIN,2021,8,2010 - 2022,Europe
299,Finland,FIN,2022,4,2010 - 2022,Europe
300,France,FRA,1965,3,1958 - 1970,Europe
301,France,FRA,1966,1,1958 - 1970,Europe
302,France,FRA,1967,2,1958 - 1970,Europe
303,France,FRA,1970,2,1970 - 1980,Europe
304,France,FRA,1971,2,1970 - 1980,Europe
305,France,FRA,1972,1,1970 - 1980,Europe
306,France,FRA,1974,2,1970 - 1980,Europe
307,France,FRA,1975,7,1970 - 1980,Europe
308,France,FRA,1977,2,1970 - 1980,Europe
309,France,FRA,1984,1,1980 - 1990,Europe
310,France,FRA,1985,1,1980 - 1990,Europe
311,France,FRA,1986,1,1980 - 1990,Europe
312,France,FRA,1988,2,1980 - 1990,Europe
313,France,FRA,1990,2,1990 - 2000,Europe
314,France,FRA,1991,2,1990 - 2000,Europe
315,France,FRA,1992,2,1990 - 2000,Europe
316,France,FRA,1993,3,1990 - 2000,Europe
317,France,FRA,1995,3,1990 - 2000,Europe
318,France,FRA,1996,1,1990 - 2000,Europe
319,France,FRA,1998,1,1990 - 2000,Europe
320,France,FRA,1999,2,1990 - 2000,Europe
321,France,FRA,2001,1,2000 - 2010,Europe
322,France,FRA,2002,3,2000 - 2010,Europe
323,France,FRA,2004,7,2000 - 2010,Europe
324,France,FRA,2005,1,2000 - 2010,Europe
325,France,FRA,2006,3,2000 - 2010,Europe
326,France,FRA,2008,1,2000 - 2010,Europe
327,France,FRA,2009,3,2000 - 2010,Europe
328,France,FRA,2010,9,2010 - 2022,Europe
329,France,FRA,2011,19,2010 - 2022,Europe
330,France,FRA,2012,5,2010 - 2022,Europe
331,France,FRA,2013,8,2010 - 2022,Europe
332,France,FRA,2014,2,2010 - 2022,Europe
333,France,FRA,2016,2,2010 - 2022,Europe
334,France,FRA,2017,2,2010 - 2022,Europe
335,France,FRA,2018,2,2010 - 2022,Europe
336,France,FRA,2019,7,2010 - 2022,Europe
337,France,FRA,2020,4,2010 - 2022,Europe
338,France,FRA,2021,9,2010 - 2022,Europe
339,France,FRA,2022,8,2010 - 2022,Europe
340,Germany,DEU,1969,1,1958 - 1970,Europe
341,Germany,DEU,1970,1,1970 - 1980,Europe
342,Germany,DEU,1972,1,1970 - 1980,Europe
343,Germany,DEU,1974,4,1970 - 1980,Europe
344,Germany,DEU,1975,2,1970 - 1980,Europe
345,Germany,DEU,1976,1,1970 - 1980,Europe
346,Germany,DEU,1983,2,1980 - 1990,Europe
347,Germany,DEU,1984,1,1980 - 1990,Europe
348,Germany,DEU,1987,1,1980 - 1990,Europe
349,Germany,DEU,1988,1,1980 - 1990,Europe
350,Germany,DEU,1989,2,1980 - 1990,Europe
351,Germany,DEU,1990,2,1990 - 2000,Europe
352,Germany,DEU,1991,1,1990 - 2000,Europe
353,Germany,DEU,1992,1,1990 - 2000,Europe
354,Germany,DEU,1993,1,1990 - 2000,Europe
355,Germany,DEU,1994,3,1990 - 2000,Europe
356,Germany,DEU,1995,2,1990 - 2000,Europe
357,Germany,DEU,1996,1,1990 - 2000,Europe
358,Germany,DEU,1997,2,1990 - 2000,Europe
359,Germany,DEU,1998,3,1990 - 2000,Europe
360,Germany,DEU,1999,2,1990 - 2000,Europe
361,Germany,DEU,2000,3,2000 - 2010,Europe
362,Germany,DEU,2001,1,2000 - 2010,Europe
363,Germany,DEU,2002,5,2000 - 2010,Europe
364,Germany,DEU,2005,1,2000 - 2010,Europe
365,Germany,DEU,2006,1,2000 - 2010,Europe
366,Germany,DEU,2007,3,2000 - 2010,Europe
367,Germany,DEU,2008,9,2000 - 2010,Europe
368,Germany,DEU,2009,4,2000 - 2010,Europe
369,Germany,DEU,2010,2,2010 - 2022,Europe
370,Germany,DEU,2012,1,2010 - 2022,Europe
371,Germany,DEU,2013,6,2010 - 2022,Europe
372,Germany,DEU,2014,1,2010 - 2022,Europe
373,Germany,DEU,2016,2,2010 - 2022,Europe
374,Germany,DEU,2017,2,2010 - 2022,Europe
375,Germany,DEU,2018,12,2010 - 2022,Europe
376,Germany,DEU,2019,11,2010 - 2022,Europe
377,Germany,DEU,2020,5,2010 - 2022,Europe
378,Germany,DEU,2021,10,2010 - 2022,Europe
379,Germany,DEU,2022,2,2010 - 2022,Europe
380,Ghana,GHA,2017,1,2010 - 2022,Africa
381,Greece,GRC,2003,1,2000 - 2010,Europe
382,Greece,GRC,2017,1,2010 - 2022,Europe
383,Greece,GRC,2019,1,2010 - 2022,Europe
384,Guatemala,GTM,2020,1,2010 - 2022,Americas
385,Hungary,HUN,2012,1,2010 - 2022,Europe
386,Hungary,HUN,2019,2,2010 - 2022,Europe
387,Hungary,HUN,2021,2,2010 - 2022,Europe
388,India,IND,1975,1,1970 - 1980,Asia
389,India,IND,1979,1,1970 - 1980,Asia
390,India,IND,1980,1,1980 - 1990,Asia
391,India,IND,1981,3,1980 - 1990,Asia
392,India,IND,1982,2,1980 - 1990,Asia
393,India,IND,1983,2,1980 - 1990,Asia
394,India,IND,1988,3,1980 - 1990,Asia
395,India,IND,1990,2,1990 - 2000,Asia
396,India,IND,1991,1,1990 - 2000,Asia
397,India,IND,1992,2,1990 - 2000,Asia
398,India,IND,1993,1,1990 - 2000,Asia
399,India,IND,1994,2,1990 - 2000,Asia
400,India,IND,1995,2,1990 - 2000,Asia
401,India,IND,1996,1,1990 - 2000,Asia
402,India,IND,1997,2,1990 - 2000,Asia
403,India,IND,1999,2,1990 - 2000,Asia
404,India,IND,2000,1,2000 - 2010,Asia
405,India,IND,2001,2,2000 - 2010,Asia
406,India,IND,2002,2,2000 - 2010,Asia
407,India,IND,2003,4,2000 - 2010,Asia
408,India,IND,2004,1,2000 - 2010,Asia
409,India,IND,2005,3,2000 - 2010,Asia
410,India,IND,2007,5,2000 - 2010,Asia
411,India,IND,2008,4,2000 - 2010,Asia
412,India,IND,2009,4,2000 - 2010,Asia
413,India,IND,2010,2,2010 - 2022,Asia
414,India,IND,2011,7,2010 - 2022,Asia
415,India,IND,2012,2,2010 - 2022,Asia
416,India,IND,2013,5,2010 - 2022,Asia
417,India,IND,2014,4,2010 - 2022,Asia
418,India,IND,2015,4,2010 - 2022,Asia
419,India,IND,2016,12,2010 - 2022,Asia
420,India,IND,2017,9,2010 - 2022,Asia
421,India,IND,2018,10,2010 - 2022,Asia
422,India,IND,2019,10,2010 - 2022,Asia
423,India,IND,2020,3,2010 - 2022,Asia
424,India,IND,2021,5,2010 - 2022,Asia
425,India,IND,2022,6,2010 - 2022,Asia
426,Indonesia,IDN,1976,1,1970 - 1980,Asia
427,Indonesia,IDN,1977,1,1970 - 1980,Asia
428,Indonesia,IDN,1983,1,1980 - 1990,Asia
429,Indonesia,IDN,1984,1,1980 - 1990,Asia
430,Indonesia,IDN,1987,1,1980 - 1990,Asia
431,Indonesia,IDN,1990,1,1990 - 2000,Asia
432,Indonesia,IDN,1992,1,1990 - 2000,Asia
433,Indonesia,IDN,1996,2,1990 - 2000,Asia
434,Indonesia,IDN,1997,1,1990 - 2000,Asia
435,Indonesia,IDN,1999,1,1990 - 2000,Asia
436,Indonesia,IDN,2000,1,2000 - 2010,Asia
437,Indonesia,IDN,2005,1,2000 - 2010,Asia
438,Indonesia,IDN,2007,1,2000 - 2010,Asia
439,Indonesia,IDN,2012,1,2010 - 2022,Asia
440,Indonesia,IDN,2015,1,2010 - 2022,Asia
441,Indonesia,IDN,2016,2,2010 - 2022,Asia
442,Indonesia,IDN,2017,1,2010 - 2022,Asia
443,Indonesia,IDN,2018,1,2010 - 2022,Asia
444,Indonesia,IDN,2019,1,2010 - 2022,Asia
445,Inmarsat,,1976,3,1970 - 1980,Europe
446,Inmarsat,,1981,1,1980 - 1990,Europe
447,Inmarsat,,1984,1,1980 - 1990,Europe
448,Inmarsat,,1990,1,1990 - 2000,Europe
449,Inmarsat,,1991,2,1990 - 2000,Europe
450,Inmarsat,,1992,1,1990 - 2000,Europe
451,Inmarsat,,1996,3,1990 - 2000,Europe
452,Inmarsat,,1997,1,1990 - 2000,Europe
453,Inmarsat,,1998,1,1990 - 2000,Europe
454,Intelsat,,1965,1,1958 - 1970,Others
455,Intelsat,,1966,1,1958 - 1970,Others
456,Intelsat,,1967,3,1958 - 1970,Others
457,Intelsat,,1968,1,1958 - 1970,Others
458,Intelsat,,1969,3,1958 - 1970,Others
459,Intelsat,,1970,3,1970 - 1980,Others
460,Intelsat,,1971,2,1970 - 1980,Others
461,Intelsat,,1972,2,1970 - 1980,Others
462,Intelsat,,1973,1,1970 - 1980,Others
463,Intelsat,,1974,1,1970 - 1980,Others
464,Intelsat,,1975,2,1970 - 1980,Others
465,Intelsat,,1976,1,1970 - 1980,Others
466,Intelsat,,1978,2,1970 - 1980,Others
467,Intelsat,,1980,1,1980 - 1990,Others
468,Intelsat,,1981,1,1980 - 1990,Others
469,Intelsat,,1982,2,1980 - 1990,Others
470,Intelsat,,1983,2,1980 - 1990,Others
471,Intelsat,,1984,2,1980 - 1990,Others
472,Intelsat,,1985,3,1980 - 1990,Others
473,Intelsat,,1988,1,1980 - 1990,Others
474,Intelsat,,1989,2,1980 - 1990,Others
475,Intelsat,,1990,2,1990 - 2000,Others
476,Intelsat,,1991,2,1990 - 2000,Others
477,Intelsat,,1992,1,1990 - 2000,Others
478,Intelsat,,1993,1,1990 - 2000,Others
479,Intelsat,,1994,2,1990 - 2000,Others
480,Intelsat,,1995,3,1990 - 2000,Others
481,Intelsat,,1996,2,1990 - 2000,Others
482,Intelsat,,1997,4,1990 - 2000,Others
483,Intelsat,,1998,2,1990 - 2000,Others
484,Intelsat,,2008,1,2000 - 2010,Others
485,Intelsat,,2011,1,2010 - 2022,Others
486,Intelsat,,2012,1,2010 - 2022,Others
487,Intelsat,,2014,1,2010 - 2022,Others
488,Intersputnik,,1999,1,1990 - 2000,Europe
489,Iran,IRN,2005,1,2000 - 2010,Asia
490,Iran,IRN,2009,1,2000 - 2010,Asia
491,Iran,IRN,2011,1,2010 - 2022,Asia
492,Iran,IRN,2012,1,2010 - 2022,Asia
493,Iran,IRN,2015,1,2010 - 2022,Asia
494,Iran,IRN,2020,1,2010 - 2022,Asia
495,Iran,IRN,2022,2,2010 - 2022,Asia
496,Israel,ISR,1988,1,1980 - 1990,Asia
497,Israel,ISR,1990,1,1990 - 2000,Asia
498,Israel,ISR,1995,1,1990 - 2000,Asia
499,Israel,ISR,1996,1,1990 - 2000,Asia
500,Israel,ISR,1998,1,1990 - 2000,Asia
501,Israel,ISR,2000,1,2000 - 2010,Asia
502,Israel,ISR,2002,1,2000 - 2010,Asia
503,Israel,ISR,2003,1,2000 - 2010,Asia
504,Israel,ISR,2006,1,2000 - 2010,Asia
505,Israel,ISR,2007,1,2000 - 2010,Asia
506,Israel,ISR,2008,2,2000 - 2010,Asia
507,Israel,ISR,2010,1,2010 - 2022,Asia
508,Israel,ISR,2011,1,2010 - 2022,Asia
509,Israel,ISR,2013,1,2010 - 2022,Asia
510,Israel,ISR,2014,2,2010 - 2022,Asia
511,Israel,ISR,2016,1,2010 - 2022,Asia
512,Israel,ISR,2017,3,2010 - 2022,Asia
513,Israel,ISR,2019,3,2010 - 2022,Asia
514,Israel,ISR,2020,2,2010 - 2022,Asia
515,Israel,ISR,2021,4,2010 - 2022,Asia
516,Italy,ITA,1964,2,1958 - 1970,Europe
517,Italy,ITA,1967,1,1958 - 1970,Europe
518,Italy,ITA,1971,1,1970 - 1980,Europe
519,Italy,ITA,1974,1,1970 - 1980,Europe
520,Italy,ITA,1977,1,1970 - 1980,Europe
521,Italy,ITA,1988,1,1980 - 1990,Europe
522,Italy,ITA,1991,1,1990 - 2000,Europe
523,Italy,ITA,1992,1,1990 - 2000,Europe
524,Italy,ITA,1993,2,1990 - 2000,Europe
525,Italy,ITA,1996,2,1990 - 2000,Europe
526,Italy,ITA,1999,1,1990 - 2000,Europe
527,Italy,ITA,2000,3,2000 - 2010,Europe
528,Italy,ITA,2001,1,2000 - 2010,Europe
529,Italy,ITA,2002,1,2000 - 2010,Europe
530,Italy,ITA,2004,1,2000 - 2010,Europe
531,Italy,ITA,2007,3,2000 - 2010,Europe
532,Italy,ITA,2008,1,2000 - 2010,Europe
533,Italy,ITA,2009,1,2000 - 2010,Europe
534,Italy,ITA,2010,1,2010 - 2022,Europe
535,Italy,ITA,2011,1,2010 - 2022,Europe
536,Italy,ITA,2012,4,2010 - 2022,Europe
537,Italy,ITA,2013,1,2010 - 2022,Europe
538,Italy,ITA,2014,2,2010 - 2022,Europe
539,Italy,ITA,2015,1,2010 - 2022,Europe
540,Italy,ITA,2016,1,2010 - 2022,Europe
541,Italy,ITA,2017,4,2010 - 2022,Europe
542,Italy,ITA,2018,1,2010 - 2022,Europe
543,Italy,ITA,2019,3,2010 - 2022,Europe
544,Italy,ITA,2020,1,2010 - 2022,Europe
545,Italy,ITA,2021,7,2010 - 2022,Europe
546,Italy,ITA,2022,9,2010 - 2022,Europe
547,Japan,JPN,1970,1,1970 - 1980,Asia
548,Japan,JPN,1971,2,1970 - 1980,Asia
549,Japan,JPN,1972,1,1970 - 1980,Asia
550,Japan,JPN,1974,1,1970 - 1980,Asia
551,Japan,JPN,1975,2,1970 - 1980,Asia
552,Japan,JPN,1976,1,1970 - 1980,Asia
553,Japan,JPN,1977,4,1970 - 1980,Asia
554,Japan,JPN,1978,4,1970 - 1980,Asia
555,Japan,JPN,1979,2,1970 - 1980,Asia
556,Japan,JPN,1980,2,1980 - 1990,Asia
557,Japan,JPN,1981,3,1980 - 1990,Asia
558,Japan,JPN,1982,1,1980 - 1990,Asia
559,Japan,JPN,1983,3,1980 - 1990,Asia
560,Japan,JPN,1984,3,1980 - 1990,Asia
561,Japan,JPN,1985,2,1980 - 1990,Asia
562,Japan,JPN,1986,4,1980 - 1990,Asia
563,Japan,JPN,1987,3,1980 - 1990,Asia
564,Japan,JPN,1988,2,1980 - 1990,Asia
565,Japan,JPN,1989,4,1980 - 1990,Asia
566,Japan,JPN,1990,7,1990 - 2000,Asia
567,Japan,JPN,1991,2,1990 - 2000,Asia
568,Japan,JPN,1992,4,1990 - 2000,Asia
569,Japan,JPN,1993,1,1990 - 2000,Asia
570,Japan,JPN,1994,4,1990 - 2000,Asia
571,Japan,JPN,1995,4,1990 - 2000,Asia
572,Japan,JPN,1996,3,1990 - 2000,Asia
573,Japan,JPN,1997,7,1990 - 2000,Asia
574,Japan,JPN,1998,3,1990 - 2000,Asia
575,Japan,JPN,1999,1,1990 - 2000,Asia
576,Japan,JPN,2000,3,2000 - 2010,Asia
577,Japan,JPN,2001,4,2000 - 2010,Asia
578,Japan,JPN,2002,10,2000 - 2010,Asia
579,Japan,JPN,2003,7,2000 - 2010,Asia
580,Japan,JPN,2004,2,2000 - 2010,Asia
581,Japan,JPN,2005,5,2000 - 2010,Asia
582,Japan,JPN,2006,11,2000 - 2010,Asia
583,Japan,JPN,2007,6,2000 - 2010,Asia
584,Japan,JPN,2008,6,2000 - 2010,Asia
585,Japan,JPN,2009,12,2000 - 2010,Asia
586,Japan,JPN,2010,9,2010 - 2022,Asia
587,Japan,JPN,2011,4,2010 - 2022,Asia
588,Japan,JPN,2012,9,2010 - 2022,Asia
589,Japan,JPN,2013,5,2010 - 2022,Asia
590,Japan,JPN,2014,24,2010 - 2022,Asia
591,Japan,JPN,2015,4,2010 - 2022,Asia
592,Japan,JPN,2016,11,2010 - 2022,Asia
593,Japan,JPN,2017,16,2010 - 2022,Asia
594,Japan,JPN,2018,18,2010 - 2022,Asia
595,Japan,JPN,2019,21,2010 - 2022,Asia
596,Japan,JPN,2020,9,2010 - 2022,Asia
597,Japan,JPN,2021,24,2010 - 2022,Asia
598,Japan,JPN,2022,5,2010 - 2022,Asia
599,Jordan,JOR,2018,1,2010 - 2022,Asia
600,Kazakhstan,KAZ,2006,1,2000 - 2010,Asia
601,Kazakhstan,KAZ,2011,1,2010 - 2022,Asia
602,Kazakhstan,KAZ,2014,3,2010 - 2022,Asia
603,Kazakhstan,KAZ,2017,1,2010 - 2022,Asia
604,Kazakhstan,KAZ,2018,3,2010 - 2022,Asia
605,Kenya,KEN,2018,1,2010 - 2022,Africa
606,Laos,LAO,2015,1,2010 - 2022,Asia
607,Latvia,LVA,2017,1,2010 - 2022,Europe
608,Lithuania,LTU,2014,2,2010 - 2022,Europe
609,Lithuania,LTU,2019,2,2010 - 2022,Europe
610,Lithuania,LTU,2020,2,2010 - 2022,Europe
611,Lithuania,LTU,2021,3,2010 - 2022,Europe
612,Lithuania,LTU,2022,1,2010 - 2022,Europe
613,Luxembourg,LUX,1988,1,1980 - 1990,Europe
614,Luxembourg,LUX,1991,1,1990 - 2000,Europe
615,Luxembourg,LUX,1993,1,1990 - 2000,Europe
616,Luxembourg,LUX,1994,1,1990 - 2000,Europe
617,Luxembourg,LUX,1995,1,1990 - 2000,Europe
618,Luxembourg,LUX,1996,1,1990 - 2000,Europe
619,Luxembourg,LUX,1997,1,1990 - 2000,Europe
620,Luxembourg,LUX,1998,1,1990 - 2000,Europe
621,Luxembourg,LUX,1999,1,1990 - 2000,Europe
622,Luxembourg,LUX,2000,2,2000 - 2010,Europe
623,Luxembourg,LUX,2001,1,2000 - 2010,Europe
624,Luxembourg,LUX,2002,2,2000 - 2010,Europe
625,Luxembourg,LUX,2006,1,2000 - 2010,Europe
626,Luxembourg,LUX,2007,1,2000 - 2010,Europe
627,Luxembourg,LUX,2008,1,2000 - 2010,Europe
628,Luxembourg,LUX,2010,2,2010 - 2022,Europe
629,Luxembourg,LUX,2011,2,2010 - 2022,Europe
630,Luxembourg,LUX,2012,2,2010 - 2022,Europe
631,Luxembourg,LUX,2013,1,2010 - 2022,Europe
632,Luxembourg,LUX,2014,2,2010 - 2022,Europe
633,Luxembourg,LUX,2018,9,2010 - 2022,Europe
634,Luxembourg,LUX,2019,4,2010 - 2022,Europe
635,Luxembourg,LUX,2020,8,2010 - 2022,Europe
636,Luxembourg,LUX,2021,11,2010 - 2022,Europe
637,Luxembourg,LUX,2022,9,2010 - 2022,Europe
638,Malaysia,MYS,1996,2,1990 - 2000,Asia
639,Malaysia,MYS,2000,1,2000 - 2010,Asia
640,Malaysia,MYS,2006,1,2000 - 2010,Asia
641,Malaysia,MYS,2009,2,2000 - 2010,Asia
642,Malaysia,MYS,2014,1,2010 - 2022,Asia
643,Malaysia,MYS,2018,2,2010 - 2022,Asia
644,Malaysia,MYS,2022,1,2010 - 2022,Asia
645,Mauritius,MUS,2021,1,2010 - 2022,Africa
646,Mexico,MEX,1985,2,1980 - 1990,Americas
647,Mexico,MEX,1993,1,1990 - 2000,Americas
648,Mexico,MEX,1994,1,1990 - 2000,Americas
649,Mexico,MEX,1996,1,1990 - 2000,Americas
650,Mexico,MEX,1998,1,1990 - 2000,Americas
651,Mexico,MEX,2006,1,2000 - 2010,Americas
652,Mexico,MEX,2011,2,2010 - 2022,Americas
653,Mexico,MEX,2012,1,2010 - 2022,Americas
654,Mexico,MEX,2013,1,2010 - 2022,Americas
655,Mexico,MEX,2015,2,2010 - 2022,Americas
656,Mexico,MEX,2016,1,2010 - 2022,Americas
657,Mexico,MEX,2019,1,2010 - 2022,Americas
658,Mexico,MEX,2020,1,2010 - 2022,Americas
659,Mexico,MEX,2021,2,2010 - 2022,Americas
660,Moldova,MDA,2022,1,2010 - 2022,Europe
661,Monaco,MCO,2020,1,2010 - 2022,Europe
662,Mongolia,MNG,2017,1,2010 - 2022,Asia
663,Morocco,MAR,2001,1,2000 - 2010,Africa
664,Morocco,MAR,2017,1,2010 - 2022,Africa
665,Morocco,MAR,2018,1,2010 - 2022,Africa
666,NATO,,1970,1,1970 - 1980,Europe
667,NATO,,1971,1,1970 - 1980,Europe
668,NATO,,1976,1,1970 - 1980,Europe
669,NATO,,1984,1,1980 - 1990,Europe
670,NATO,,1991,1,1990 - 2000,Europe
671,Nepal,NPL,2019,1,2010 - 2022,Asia
672,Netherlands,NLD,1974,1,1970 - 1980,Others
673,Netherlands,NLD,2008,1,2000 - 2010,Others
674,Netherlands,NLD,2013,4,2010 - 2022,Others
675,Netherlands,NLD,2017,1,2010 - 2022,Others
676,Netherlands,NLD,2018,3,2010 - 2022,Others
677,Netherlands,NLD,2021,3,2010 - 2022,Others
678,Netherlands,NLD,2022,1,2010 - 2022,Others
679,New Zealand,NZL,2018,1,2010 - 2022,Others
680,New Zealand,NZL,2019,1,2010 - 2022,Others
681,New Zealand,NZL,2020,8,2010 - 2022,Others
682,New Zealand,NZL,2021,4,2010 - 2022,Others
683,New Zealand,NZL,2022,11,2010 - 2022,Others
684,Nigeria,NGA,2003,1,2000 - 2010,Africa
685,Nigeria,NGA,2011,3,2010 - 2022,Africa
686,Nigeria,NGA,2017,1,2010 - 2022,Africa
687,North Korea,PRK,2012,1,2010 - 2022,Asia
688,North Korea,PRK,2016,1,2010 - 2022,Asia
689,Norway,NOR,1997,1,1990 - 2000,Europe
690,Norway,NOR,1998,1,1990 - 2000,Europe
691,Norway,NOR,2005,1,2000 - 2010,Europe
692,Norway,NOR,2008,1,2000 - 2010,Europe
693,Norway,NOR,2009,1,2000 - 2010,Europe
694,Norway,NOR,2010,1,2010 - 2022,Europe
695,Norway,NOR,2013,1,2010 - 2022,Europe
696,Norway,NOR,2014,1,2010 - 2022,Europe
697,Norway,NOR,2015,1,2010 - 2022,Europe
698,Norway,NOR,2017,4,2010 - 2022,Europe
699,Norway,NOR,2021,1,2010 - 2022,Europe
700,Norway,NOR,2022,2,2010 - 2022,Europe
701,Pakistan,PAK,1990,1,1990 - 2000,Asia
702,Pakistan,PAK,2001,1,2000 - 2010,Asia
703,Pakistan,PAK,2011,1,2010 - 2022,Asia
704,Pakistan,PAK,2013,1,2010 - 2022,Asia
705,Pakistan,PAK,2018,2,2010 - 2022,Asia
706,Papua New Guinea,PNG,2014,1,2010 - 2022,Asia
707,Papua New Guinea,PNG,2015,1,2010 - 2022,Asia
708,Paraguay,PRY,2021,1,2010 - 2022,Americas
709,Peru,PER,2013,2,2010 - 2022,Americas
710,Peru,PER,2014,1,2010 - 2022,Americas
711,Peru,PER,2016,1,2010 - 2022,Americas
712,Philippines,PHL,1997,1,1990 - 2000,Asia
713,Philippines,PHL,2016,1,2010 - 2022,Asia
714,Philippines,PHL,2018,2,2010 - 2022,Asia
715,Philippines,PHL,2021,3,2010 - 2022,Asia
716,Poland,POL,2012,1,2010 - 2022,Europe
717,Poland,POL,2013,1,2010 - 2022,Europe
718,Poland,POL,2014,1,2010 - 2022,Europe
719,Poland,POL,2018,1,2010 - 2022,Europe
720,Poland,POL,2019,2,2010 - 2022,Europe
721,Poland,POL,2021,2,2010 - 2022,Europe
722,Poland,POL,2022,1,2010 - 2022,Europe
723,Portugal,PRT,1993,1,1990 - 2000,Europe
724,Qatar,QAT,2018,1,2010 - 2022,Asia
725,RASCOM,,2007,1,2000 - 2010,Africa
726,RASCOM,,2010,1,2010 - 2022,Africa
727,Romania,ROU,2012,1,2010 - 2022,Europe
728,Russia,RUS,1957,2,2010 - 2022,Others
729,Russia,RUS,1958,1,1958 - 1970,Others
730,Russia,RUS,1959,3,1958 - 1970,Others
731,Russia,RUS,1960,3,1958 - 1970,Others
732,Russia,RUS,1961,7,1958 - 1970,Others
733,Russia,RUS,1962,20,1958 - 1970,Others
734,Russia,RUS,1963,17,1958 - 1970,Others
735,Russia,RUS,1964,35,1958 - 1970,Others
736,Russia,RUS,1965,64,1958 - 1970,Others
737,Russia,RUS,1966,44,1958 - 1970,Others
738,Russia,RUS,1967,66,1958 - 1970,Others
739,Russia,RUS,1968,74,1958 - 1970,Others
740,Russia,RUS,1969,70,1958 - 1970,Others
741,Russia,RUS,1970,88,1970 - 1980,Others
742,Russia,RUS,1971,98,1970 - 1980,Others
743,Russia,RUS,1972,88,1970 - 1980,Others
744,Russia,RUS,1973,109,1970 - 1980,Others
745,Russia,RUS,1974,95,1970 - 1980,Others
746,Russia,RUS,1975,111,1970 - 1980,Others
747,Russia,RUS,1976,121,1970 - 1980,Others
748,Russia,RUS,1977,104,1970 - 1980,Others
749,Russia,RUS,1978,119,1970 - 1980,Others
750,Russia,RUS,1979,101,1970 - 1980,Others
751,Russia,RUS,1980,110,1980 - 1990,Others
752,Russia,RUS,1981,124,1980 - 1990,Others
753,Russia,RUS,1982,119,1980 - 1990,Others
754,Russia,RUS,1983,116,1980 - 1990,Others
755,Russia,RUS,1984,115,1980 - 1990,Others
756,Russia,RUS,1985,119,1980 - 1990,Others
757,Russia,RUS,1986,114,1980 - 1990,Others
758,Russia,RUS,1987,116,1980 - 1990,Others
759,Russia,RUS,1988,109,1980 - 1990,Others
760,Russia,RUS,1989,99,1980 - 1990,Others
761,Russia,RUS,1990,96,1990 - 2000,Others
762,Russia,RUS,1991,83,1990 - 2000,Others
763,Russia,RUS,1992,78,1990 - 2000,Others
764,Russia,RUS,1993,59,1990 - 2000,Others
765,Russia,RUS,1994,64,1990 - 2000,Others
766,Russia,RUS,1995,36,1990 - 2000,Others
767,Russia,RUS,1996,28,1990 - 2000,Others
768,Russia,RUS,1997,28,1990 - 2000,Others
769,Russia,RUS,1998,27,1990 - 2000,Others
770,Russia,RUS,1999,15,1990 - 2000,Others
771,Russia,RUS,2000,23,2000 - 2010,Others
772,Russia,RUS,2001,30,2000 - 2010,Others
773,Russia,RUS,2002,19,2000 - 2010,Others
774,Russia,RUS,2003,22,2000 - 2010,Others
775,Russia,RUS,2004,19,2000 - 2010,Others
776,Russia,RUS,2005,19,2000 - 2010,Others
777,Russia,RUS,2006,16,2000 - 2010,Others
778,Russia,RUS,2007,18,2000 - 2010,Others
779,Russia,RUS,2008,21,2000 - 2010,Others
780,Russia,RUS,2009,30,2000 - 2010,Others
781,Russia,RUS,2010,24,2010 - 2022,Others
782,Russia,RUS,2011,24,2010 - 2022,Others
783,Russia,RUS,2012,23,2010 - 2022,Others
784,Russia,RUS,2013,29,2010 - 2022,Others
785,Russia,RUS,2014,35,2010 - 2022,Others
786,Russia,RUS,2015,27,2010 - 2022,Others
787,Russia,RUS,2016,14,2010 - 2022,Others
788,Russia,RUS,2017,25,2010 - 2022,Others
789,Russia,RUS,2018,23,2010 - 2022,Others
790,Russia,RUS,2019,30,2010 - 2022,Others
791,Russia,RUS,2020,24,2010 - 2022,Others
792,Russia,RUS,2021,21,2010 - 2022,Others
793,Russia,RUS,2022,47,2010 - 2022,Others
794,Rwanda,RWA,2021,1,2010 - 2022,Africa
795,Saudi Arabia,SAU,2000,2,2000 - 2010,Asia
796,Saudi Arabia,SAU,2002,1,2000 - 2010,Asia
797,Saudi Arabia,SAU,2004,3,2000 - 2010,Asia
798,Saudi Arabia,SAU,2007,6,2000 - 2010,Asia
799,Saudi Arabia,SAU,2014,1,2010 - 2022,Asia
800,Saudi Arabia,SAU,2018,2,2010 - 2022,Asia
801,Saudi Arabia,SAU,2021,2,2010 - 2022,Asia
802,Sea Launch,,1999,1,1990 - 2000,Others
803,Singapore,SGP,1998,1,1990 - 2000,Asia
804,Singapore,SGP,2011,2,2010 - 2022,Asia
805,Singapore,SGP,2013,1,2010 - 2022,Asia
806,Singapore,SGP,2014,2,2010 - 2022,Asia
807,Singapore,SGP,2015,6,2010 - 2022,Asia
808,Singapore,SGP,2019,1,2010 - 2022,Asia
809,Singapore,SGP,2022,3,2010 - 2022,Asia
810,Slovakia,SVK,2017,1,2010 - 2022,Europe
811,Slovakia,SVK,2021,1,2010 - 2022,Europe
812,Slovenia,SVN,2020,2,2010 - 2022,Europe
813,Slovenia,SVN,2022,1,2010 - 2022,Europe
814,South Africa,ZAF,1999,1,1990 - 2000,Africa
815,South Africa,ZAF,2009,1,2000 - 2010,Africa
816,South Africa,ZAF,2013,1,2010 - 2022,Africa
817,South Africa,ZAF,2014,1,2010 - 2022,Africa
818,South Africa,ZAF,2018,1,2010 - 2022,Africa
819,South Africa,ZAF,2022,2,2010 - 2022,Africa
820,South Korea,KOR,1992,1,1990 - 2000,Asia
821,South Korea,KOR,1993,1,1990 - 2000,Asia
822,South Korea,KOR,1995,1,1990 - 2000,Asia
823,South Korea,KOR,1996,1,1990 - 2000,Asia
824,South Korea,KOR,1999,3,1990 - 2000,Asia
825,South Korea,KOR,2003,1,2000 - 2010,Asia
826,South Korea,KOR,2004,1,2000 - 2010,Asia
827,South Korea,KOR,2006,2,2000 - 2010,Asia
828,South Korea,KOR,2010,2,2010 - 2022,Asia
829,South Korea,KOR,2012,1,2010 - 2022,Asia
830,South Korea,KOR,2013,6,2010 - 2022,Asia
831,South Korea,KOR,2015,1,2010 - 2022,Asia
832,South Korea,KOR,2017,5,2010 - 2022,Asia
833,South Korea,KOR,2018,11,2010 - 2022,Asia
834,South Korea,KOR,2020,2,2010 - 2022,Asia
835,South Korea,KOR,2021,4,2010 - 2022,Asia
836,South Korea,KOR,2022,8,2010 - 2022,Asia
837,Spain,ESP,1974,1,1970 - 1980,Europe
838,Spain,ESP,1992,1,1990 - 2000,Europe
839,Spain,ESP,1993,1,1990 - 2000,Europe
840,Spain,ESP,1995,1,1990 - 2000,Europe
841,Spain,ESP,1997,1,1990 - 2000,Europe
842,Spain,ESP,2000,1,2000 - 2010,Europe
843,Spain,ESP,2002,1,2000 - 2010,Europe
844,Spain,ESP,2004,1,2000 - 2010,Europe
845,Spain,ESP,2006,1,2000 - 2010,Europe
846,Spain,ESP,2009,2,2000 - 2010,Europe
847,Spain,ESP,2010,1,2010 - 2022,Europe
848,Spain,ESP,2012,1,2010 - 2022,Europe
849,Spain,ESP,2013,2,2010 - 2022,Europe
850,Spain,ESP,2014,1,2010 - 2022,Europe
851,Spain,ESP,2016,1,2010 - 2022,Europe
852,Spain,ESP,2017,1,2010 - 2022,Europe
853,Spain,ESP,2018,5,2010 - 2022,Europe
854,Spain,ESP,2019,2,2010 - 2022,Europe
855,Spain,ESP,2020,3,2010 - 2022,Europe
856,Spain,ESP,2021,1,2010 - 2022,Europe
857,Spain,ESP,2022,9,2010 - 2022,Europe
858,Sri Lanka,LKA,2019,1,2010 - 2022,Asia
859,Starsem,,2000,2,2000 - 2010,Others
860,Sweden,SWE,1986,1,1980 - 1990,Europe
861,Sweden,SWE,1989,3,1980 - 1990,Europe
862,Sweden,SWE,1992,1,1990 - 2000,Europe
863,Sweden,SWE,1995,1,1990 - 2000,Europe
864,Sweden,SWE,1997,1,1990 - 2000,Europe
865,Sweden,SWE,1998,2,1990 - 2000,Europe
866,Sweden,SWE,2000,2,2000 - 2010,Europe
867,Sweden,SWE,2001,1,2000 - 2010,Europe
868,Sweden,SWE,2007,1,2000 - 2010,Europe
869,Sweden,SWE,2010,2,2010 - 2022,Europe
870,Sweden,SWE,2012,2,2010 - 2022,Europe
871,Sweden,SWE,2017,1,2010 - 2022,Europe
872,Sweden,SWE,2019,1,2010 - 2022,Europe
873,Sweden,SWE,2022,1,2010 - 2022,Europe
874,Switzerland,CHE,2009,1,2000 - 2010,Europe
875,Switzerland,CHE,2010,1,2010 - 2022,Europe
876,Switzerland,CHE,2018,1,2010 - 2022,Europe
877,Switzerland,CHE,2019,1,2010 - 2022,Europe
878,Switzerland,CHE,2020,1,2010 - 2022,Europe
879,Switzerland,CHE,2021,10,2010 - 2022,Europe
880,Taiwan,TWN,1999,1,1990 - 2000,Asia
881,Taiwan,TWN,2004,1,2000 - 2010,Asia
882,Taiwan,TWN,2006,6,2000 - 2010,Asia
883,Taiwan,TWN,2017,1,2010 - 2022,Asia
884,Taiwan,TWN,2019,6,2010 - 2022,Asia
885,Taiwan,TWN,2021,2,2010 - 2022,Asia
886,Thailand,THA,1993,1,1990 - 2000,Asia
887,Thailand,THA,1994,1,1990 - 2000,Asia
888,Thailand,THA,1997,1,1990 - 2000,Asia
889,Thailand,THA,1998,1,1990 - 2000,Asia
890,Thailand,THA,2005,1,2000 - 2010,Asia
891,Thailand,THA,2006,1,2000 - 2010,Asia
892,Thailand,THA,2008,1,2000 - 2010,Asia
893,Thailand,THA,2014,1,2010 - 2022,Asia
894,Thailand,THA,2016,1,2010 - 2022,Asia
895,Thailand,THA,2018,1,2010 - 2022,Asia
896,Thailand,THA,2019,1,2010 - 2022,Asia
897,Thailand,THA,2020,1,2010 - 2022,Asia
898,Thailand,THA,2021,2,2010 - 2022,Asia
899,Tunisia,TUN,2021,1,2010 - 2022,Africa
900,Turkey,TUR,1994,1,1990 - 2000,Europe
901,Turkey,TUR,1996,1,1990 - 2000,Europe
902,Turkey,TUR,2001,1,2000 - 2010,Europe
903,Turkey,TUR,2003,1,2000 - 2010,Europe
904,Turkey,TUR,2008,1,2000 - 2010,Europe
905,Turkey,TUR,2009,1,2000 - 2010,Europe
906,Turkey,TUR,2011,1,2010 - 2022,Europe
907,Turkey,TUR,2012,1,2010 - 2022,Europe
908,Turkey,TUR,2013,1,2010 - 2022,Europe
909,Turkey,TUR,2014,1,2010 - 2022,Europe
910,Turkey,TUR,2015,1,2010 - 2022,Europe
911,Turkey,TUR,2016,1,2010 - 2022,Europe
912,Turkey,TUR,2018,1,2010 - 2022,Europe
913,Turkey,TUR,2021,3,2010 - 2022,Europe
914,Turkey,TUR,2022,2,2010 - 2022,Europe
915,Turkmenistan,TKM,2015,1,2010 - 2022,Asia
916,Ukraine,UKR,1995,1,1990 - 2000,Others
917,Ukraine,UKR,2004,2,2000 - 2010,Others
918,Ukraine,UKR,2010,1,2010 - 2022,Others
919,Ukraine,UKR,2011,2,2010 - 2022,Others
920,Ukraine,UKR,2013,1,2010 - 2022,Others
921,Ukraine,UKR,2014,1,2010 - 2022,Others
922,Ukraine,UKR,2022,1,2010 - 2022,Others
923,United Arab Emirates,ARE,2000,1,2000 - 2010,Asia
924,United Arab Emirates,ARE,2003,1,2000 - 2010,Asia
925,United Arab Emirates,ARE,2008,1,2000 - 2010,Asia
926,United Arab Emirates,ARE,2009,1,2000 - 2010,Asia
927,United Arab Emirates,ARE,2011,1,2010 - 2022,Asia
928,United Arab Emirates,ARE,2012,1,2010 - 2022,Asia
929,United Arab Emirates,ARE,2013,1,2010 - 2022,Asia
930,United Arab Emirates,ARE,2017,1,2010 - 2022,Asia
931,United Arab Emirates,ARE,2018,1,2010 - 2022,Asia
932,United Arab Emirates,ARE,2019,1,2010 - 2022,Asia
933,United Arab Emirates,ARE,2020,3,2010 - 2022,Asia
934,United Arab Emirates,ARE,2021,4,2010 - 2022,Asia
935,United Arab Emirates,ARE,2022,2,2010 - 2022,Asia
936,United Kingdom,GBR,1962,1,1958 - 1970,Others
937,United Kingdom,GBR,1964,1,1958 - 1970,Others
938,United Kingdom,GBR,1967,1,1958 - 1970,Others
939,United Kingdom,GBR,1969,2,1958 - 1970,Others
940,United Kingdom,GBR,1970,1,1970 - 1980,Others
941,United Kingdom,GBR,1971,2,1970 - 1980,Others
942,United Kingdom,GBR,1974,4,1970 - 1980,Others
943,United Kingdom,GBR,1979,2,1970 - 1980,Others
944,United Kingdom,GBR,1981,2,1980 - 1990,Others
945,United Kingdom,GBR,1984,2,1980 - 1990,Others
946,United Kingdom,GBR,1988,1,1980 - 1990,Others
947,United Kingdom,GBR,1989,2,1980 - 1990,Others
948,United Kingdom,GBR,1990,5,1990 - 2000,Others
949,United Kingdom,GBR,1991,1,1990 - 2000,Others
950,United Kingdom,GBR,1994,2,1990 - 2000,Others
951,United Kingdom,GBR,1998,1,1990 - 2000,Others
952,United Kingdom,GBR,1999,2,1990 - 2000,Others
953,United Kingdom,GBR,2000,4,2000 - 2010,Others
954,United Kingdom,GBR,2001,1,2000 - 2010,Others
955,United Kingdom,GBR,2003,1,2000 - 2010,Others
956,United Kingdom,GBR,2005,3,2000 - 2010,Others
957,United Kingdom,GBR,2006,1,2000 - 2010,Others
958,United Kingdom,GBR,2007,2,2000 - 2010,Others
959,United Kingdom,GBR,2008,3,2000 - 2010,Others
960,United Kingdom,GBR,2009,3,2000 - 2010,Others
961,United Kingdom,GBR,2010,3,2010 - 2022,Others
962,United Kingdom,GBR,2011,2,2010 - 2022,Others
963,United Kingdom,GBR,2012,4,2010 - 2022,Others
964,United Kingdom,GBR,2013,7,2010 - 2022,Others
965,United Kingdom,GBR,2014,10,2010 - 2022,Others
966,United Kingdom,GBR,2015,7,2010 - 2022,Others
967,United Kingdom,GBR,2016,1,2010 - 2022,Others
968,United Kingdom,GBR,2017,7,2010 - 2022,Others
969,United Kingdom,GBR,2018,12,2010 - 2022,Others
970,United Kingdom,GBR,2019,14,2010 - 2022,Others
971,United Kingdom,GBR,2020,104,2010 - 2022,Others
972,United Kingdom,GBR,2021,289,2010 - 2022,Others
973,United Kingdom,GBR,2022,71,2010 - 2022,Others
974,United States,USA,1958,7,1958 - 1970,Europe
975,United States,USA,1959,11,1958 - 1970,Europe
976,United States,USA,1960,17,1958 - 1970,Europe
977,United States,USA,1961,31,1958 - 1970,Europe
978,United States,USA,1962,55,1958 - 1970,Europe
979,United States,USA,1963,55,1958 - 1970,Europe
980,United States,USA,1964,71,1958 - 1970,Europe
981,United States,USA,1965,96,1958 - 1970,Europe
982,United States,USA,1966,99,1958 - 1970,Europe
983,United States,USA,1967,85,1958 - 1970,Europe
984,United States,USA,1968,61,1958 - 1970,Europe
985,United States,USA,1969,62,1958 - 1970,Europe
986,United States,USA,1970,31,1970 - 1980,Europe
987,United States,USA,1971,46,1970 - 1980,Europe
988,United States,USA,1972,37,1970 - 1980,Europe
989,United States,USA,1973,28,1970 - 1980,Europe
990,United States,USA,1974,19,1970 - 1980,Europe
991,United States,USA,1975,30,1970 - 1980,Europe
992,United States,USA,1976,26,1970 - 1980,Europe
993,United States,USA,1977,24,1970 - 1980,Europe
994,United States,USA,1978,35,1970 - 1980,Europe
995,United States,USA,1979,19,1970 - 1980,Europe
996,United States,USA,1980,16,1980 - 1990,Europe
997,United States,USA,1981,20,1980 - 1990,Europe
998,United States,USA,1982,20,1980 - 1990,Europe
999,United States,USA,1983,25,1980 - 1990,Europe
1000,United States,USA,1984,31,1980 - 1990,Europe
1001,United States,USA,1985,30,1980 - 1990,Europe
1002,United States,USA,1986,11,1980 - 1990,Europe
1003,United States,USA,1987,10,1980 - 1990,Europe
1004,United States,USA,1988,19,1980 - 1990,Europe
1005,United States,USA,1989,25,1980 - 1990,Europe
1006,United States,USA,1990,40,1990 - 2000,Europe
1007,United States,USA,1991,30,1990 - 2000,Europe
1008,United States,USA,1992,28,1990 - 2000,Europe
1009,United States,USA,1993,31,1990 - 2000,Europe
1010,United States,USA,1994,35,1990 - 2000,Europe
1011,United States,USA,1995,40,1990 - 2000,Europe
1012,United States,USA,1996,41,1990 - 2000,Europe
1013,United States,USA,1997,88,1990 - 2000,Europe
1014,United States,USA,1998,91,1990 - 2000,Europe
1015,United States,USA,1999,80,1990 - 2000,Europe
1016,United States,USA,2000,56,2000 - 2010,Europe
1017,United States,USA,2001,34,2000 - 2010,Europe
1018,United States,USA,2002,33,2000 - 2010,Europe
1019,United States,USA,2003,28,2000 - 2010,Europe
1020,United States,USA,2004,21,2000 - 2010,Europe
1021,United States,USA,2005,21,2000 - 2010,Europe
1022,United States,USA,2006,36,2000 - 2010,Europe
1023,United States,USA,2007,46,2000 - 2010,Europe
1024,United States,USA,2008,24,2000 - 2010,Europe
1025,United States,USA,2009,38,2000 - 2010,Europe
1026,United States,USA,2010,35,2010 - 2022,Europe
1027,United States,USA,2011,29,2010 - 2022,Europe
1028,United States,USA,2012,33,2010 - 2022,Europe
1029,United States,USA,2013,80,2010 - 2022,Europe
1030,United States,USA,2014,95,2010 - 2022,Europe
1031,United States,USA,2015,104,2010 - 2022,Europe
1032,United States,USA,2016,105,2010 - 2022,Europe
1033,United States,USA,2017,287,2010 - 2022,Europe
1034,United States,USA,2018,190,2010 - 2022,Europe
1035,United States,USA,2019,362,2010 - 2022,Europe
1036,United States,USA,2020,984,2010 - 2022,Europe
1037,United States,USA,2021,1232,2010 - 2022,Europe
1038,United States,USA,2022,1796,2010 - 2022,Europe
1039,Uruguay,URY,2014,1,2010 - 2022,Americas
1040,Uruguay,URY,2016,2,2010 - 2022,Americas
1041,Uruguay,URY,2017,1,2010 - 2022,Americas
1042,Uruguay,URY,2018,2,2010 - 2022,Americas
1043,Uruguay,URY,2020,13,2010 - 2022,Americas
1044,Uruguay,URY,2021,4,2010 - 2022,Americas
1045,Uruguay,URY,2022,9,2010 - 2022,Americas
1046,Venezuela,VEN,2008,2,2000 - 2010,Americas
1047,Venezuela,VEN,2012,1,2010 - 2022,Americas
1048,Venezuela,VEN,2017,1,2010 - 2022,Americas
1049,Vietnam,VNM,2008,1,2000 - 2010,Asia
1050,Vietnam,VNM,2012,2,2010 - 2022,Asia
1051,Vietnam,VNM,2013,2,2010 - 2022,Asia
1052,Vietnam,VNM,2019,1,2010 - 2022,Asia
1053,World,OWID_WRL,1957,2,2010 - 2022,Others
1054,World,OWID_WRL,1958,8,1958 - 1970,Others
1055,World,OWID_WRL,1959,14,1958 - 1970,Others
1056,World,OWID_WRL,1960,20,1958 - 1970,Others
1057,World,OWID_WRL,1961,38,1958 - 1970,Others
1058,World,OWID_WRL,1962,77,1958 - 1970,Others
1059,World,OWID_WRL,1963,72,1958 - 1970,Others
1060,World,OWID_WRL,1964,107,1958 - 1970,Others
1061,World,OWID_WRL,1965,163,1958 - 1970,Others
1062,World,OWID_WRL,1966,145,1958 - 1970,Others
1063,World,OWID_WRL,1967,159,1958 - 1970,Others
1064,World,OWID_WRL,1968,140,1958 - 1970,Others
1065,World,OWID_WRL,1969,138,1958 - 1970,Others
1066,World,OWID_WRL,1970,130,1970 - 1980,Others
1067,World,OWID_WRL,1971,156,1970 - 1980,Others
1068,World,OWID_WRL,1972,133,1970 - 1980,Others
1069,World,OWID_WRL,1973,138,1970 - 1980,Others
1070,World,OWID_WRL,1974,128,1970 - 1980,Others
1071,World,OWID_WRL,1975,158,1970 - 1980,Others
1072,World,OWID_WRL,1976,158,1970 - 1980,Others
1073,World,OWID_WRL,1977,137,1970 - 1980,Others
1074,World,OWID_WRL,1978,165,1970 - 1980,Others
1075,World,OWID_WRL,1979,124,1970 - 1980,Others
1076,World,OWID_WRL,1980,130,1980 - 1990,Others
1077,World,OWID_WRL,1981,158,1980 - 1990,Others
1078,World,OWID_WRL,1982,145,1980 - 1990,Others
1079,World,OWID_WRL,1983,154,1980 - 1990,Others
1080,World,OWID_WRL,1984,163,1980 - 1990,Others
1081,World,OWID_WRL,1985,165,1980 - 1990,Others
1082,World,OWID_WRL,1986,134,1980 - 1990,Others
1083,World,OWID_WRL,1987,135,1980 - 1990,Others
1084,World,OWID_WRL,1988,145,1980 - 1990,Others
1085,World,OWID_WRL,1989,139,1980 - 1990,Others
1086,World,OWID_WRL,1990,168,1990 - 2000,Others
1087,World,OWID_WRL,1991,135,1990 - 2000,Others
1088,World,OWID_WRL,1992,130,1990 - 2000,Others
1089,World,OWID_WRL,1993,108,1990 - 2000,Others
1090,World,OWID_WRL,1994,123,1990 - 2000,Others
1091,World,OWID_WRL,1995,105,1990 - 2000,Others
1092,World,OWID_WRL,1996,100,1990 - 2000,Others
1093,World,OWID_WRL,1997,152,1990 - 2000,Others
1094,World,OWID_WRL,1998,157,1990 - 2000,Others
1095,World,OWID_WRL,1999,129,1990 - 2000,Others
1096,World,OWID_WRL,2000,121,2000 - 2010,Others
1097,World,OWID_WRL,2001,86,2000 - 2010,Others
1098,World,OWID_WRL,2002,96,2000 - 2010,Others
1099,World,OWID_WRL,2003,88,2000 - 2010,Others
1100,World,OWID_WRL,2004,74,2000 - 2010,Others
1101,World,OWID_WRL,2005,72,2000 - 2010,Others
1102,World,OWID_WRL,2006,95,2000 - 2010,Others
1103,World,OWID_WRL,2007,111,2000 - 2010,Others
1104,World,OWID_WRL,2008,109,2000 - 2010,Others
1105,World,OWID_WRL,2009,125,2000 - 2010,Others
1106,World,OWID_WRL,2010,120,2010 - 2022,Others
1107,World,OWID_WRL,2011,129,2010 - 2022,Others
1108,World,OWID_WRL,2012,134,2010 - 2022,Others
1109,World,OWID_WRL,2013,210,2010 - 2022,Others
1110,World,OWID_WRL,2014,241,2010 - 2022,Others
1111,World,OWID_WRL,2015,222,2010 - 2022,Others
1112,World,OWID_WRL,2016,221,2010 - 2022,Others
1113,World,OWID_WRL,2017,456,2010 - 2022,Others
1114,World,OWID_WRL,2018,453,2010 - 2022,Others
1115,World,OWID_WRL,2019,586,2010 - 2022,Others
1116,World,OWID_WRL,2020,1274,2010 - 2022,Others
1117,World,OWID_WRL,2021,1810,2010 - 2022,Others
1118,World,OWID_WRL,2022,2163,2010 - 2022,Others
